dataset,item_id,smiles,page,bbox,confidence,tool,seconds
jpo,2008001630_20_chem,Cc1ccc2nccc(O)c2c1,,,,"MolVec 0.9.8 (git b412dd0, Maven Central)",1.1045672595500946
jpo,2008001635_153_chem,CCC(OCCCO)c1ccc(Br)cc1,,,,"MolVec 0.9.8 (git b412dd0, Maven Central)",0.758915713056922
jpo,2008001754_7_chem,O=C1C(=O)C(O)=C(O2C3C[C@H]32)C1=O,,,,"MolVec 0.9.8 (git b412dd0, Maven Central)",0.4474017359316349
jpo,2008001854_24_chem,CCOP(=C=O)(Cc1c2ccccc2cc2ccccc12)OCC,,,,"MolVec 0.9.8 (git b412dd0, Maven Central)",2.2518961802124977
jpo,2008001855_22_chem,C=O=P(CC1=C2C=CC=CC2=CC=C1)(OCC)OCC,,,,"MolVec 0.9.8 (git b412dd0, Maven Central)",1.53787992708385
jpo,2008004725_7_chem,c1ccc2cc3cc4cc5ccccc5cc4cc3cc2c1,,,,"MolVec 0.9.8 (git b412dd0, Maven Central)",0.4655294679105282
jpo,2008007377_23_chem,c1ccc(-c2ccc(-c3ccc(-c4ccc(-c5ccc(-c6ccc(-c7ccccc7)s6)s5)s4)s3)s2)cc1,,,,"MolVec 0.9.8 (git b412dd0, Maven Central)",1.0963465720415115
jpo,2008007515_51_chem,Cc1cc(C)c(-n2c(C)nc3c(NC(=O)CCl)cc(C)nc32)c(C)c1,,,,"MolVec 0.9.8 (git b412dd0, Maven Central)",0.09090285934507847
jpo,2008007515_75_chem,Cc1nc(Cl)c2[nH]c(=O)n(-c3ccc(C(C)C)cc3Br)c2n1,,,,"MolVec 0.9.8 (git b412dd0, Maven Central)",0.08548467606306076
jpo,2008007566_12_chem,c1cc(C(c2ccc(OCC3CO3)cc2)C(c2ccc(OCC3CO3)cc2)c2ccc(OCC3CO3)cc2)ccc1OCC1CO1,,,,"MolVec 0.9.8 (git b412dd0, Maven Central)",1.318162290379405
jpo,2008007718_10_chem,C=P(c1ccccc1)(c1ccccc1)c1ccccc1,,,,"MolVec 0.9.8 (git b412dd0, Maven Central)",0.5397638007998466
jpo,2008013527_122_chem,N#Cc1cc(Nc2nc(NC3CC3)c3sccc3n2)ccc1N1CCNCC1,,,,"MolVec 0.9.8 (git b412dd0, Maven Central)",0.2729275841265917
jpo,2008013527_148_chem,FC(F)(F)CNc1nc(Nc2ccc(N3CCOCC3)cc2)nc2ccsc12,,,,"MolVec 0.9.8 (git b412dd0, Maven Central)",0.2695794999599457
jpo,2008013527_194_chem,c1cc2nc(Nc3ccc(C4CCNCC4)cc3)nc(NC3CC3)c2s1,,,,"MolVec 0.9.8 (git b412dd0, Maven Central)",0.2891248669475317
jpo,2008013527_79_chem,CC(=O)N1CCO[C@@H](c2ccc(Nc3nc(NC4CC4)c4sccc4n3)cc2)C1,,,,"MolVec 0.9.8 (git b412dd0, Maven Central)",0.2830400876700878
jpo,2008013664_32_chem,CCc1cc(CP2(=O)Oc3ccccc3-c3ccccc32)cc(C(C)(C)C)c1O,,,,"MolVec 0.9.8 (git b412dd0, Maven Central)",1.4368859753012657
jpo,2008013708_5_chem,Cc1cccc(NC(=O)c2cc3ccccc3cc2O)c1,,,,"MolVec 0.9.8 (git b412dd0, Maven Central)",0.21925664320588112
jpo,2008015393_17_chem,ClC(Cl)(Cl)c1nc(-c2ccc3c(c2)OCO3)nc(C(Cl)(Cl)Cl)n1,,,,"MolVec 0.9.8 (git b412dd0, Maven Central)",0.8155434541404247
jpo,2008016073_7_chem,C=CC(=C)OCC(C)(C)COC(=O)C=C.CCC,,,,"MolVec 0.9.8 (git b412dd0, Maven Central)",0.15180500783026218
jpo,2008016422_6_chem,CC.CC.CC.CC.CC.CCCC,,,,"MolVec 0.9.8 (git b412dd0, Maven Central)",0.022090904414653778
jpo,2008019241_114_chem,Cn1ccnc1CO/N=C(/C(=O)Nc1ncc(F)s1)c1ccc(S(=O)(=O)C2CC2)cc1,,,,"MolVec 0.9.8 (git b412dd0, Maven Central)",0.10930118896067142
jpo,2008019241_372_chem,Nc1nc2ccc(O)nc2s1,,,,"MolVec 0.9.8 (git b412dd0, Maven Central)",0.06351105868816376
jpo,2008019277_21_chem,COC(=O)c1cc2[nH]cnc2c(F)c1Nc1ccc(OC(F)(F)F)cc1C,,,,"MolVec 0.9.8 (git b412dd0, Maven Central)",0.09575150720775127
jpo,2008019368_21_chem,COc1ccc(C2(c3ccc(OC)cc3)c3ccccc3-c3ccccc32)cc1,,,,"MolVec 0.9.8 (git b412dd0, Maven Central)",0.6915573868900537
jpo,2008019408_4_chem,C=O=C(C)C(C)(O)C1=CC1,,,,"MolVec 0.9.8 (git b412dd0, Maven Central)",0.13281583786010742
jpo,2008021624_17_chem,O=[PH](O)c1ccccc1,,,,"MolVec 0.9.8 (git b412dd0, Maven Central)",0.7402408327907324
jpo,2008024650_8_chem,CC(=O)COc1ccc2ccccc2c1-c1c(OCC(C)=O)cc[n+]2ccccc12,,,,"MolVec 0.9.8 (git b412dd0, Maven Central)",9.13543500378728
jpo,2008024694_6_chem,C=CC(=O)OC(COCCCC)COc1ccc(OCC(COCCCC)OC(=O)C=C)c2ccccc12,,,,"MolVec 0.9.8 (git b412dd0, Maven Central)",1.7347012497484684
jpo,2008024698_10_chem,c1ccc(-c2ccc3c(c2)c2cc(-c4ccccc4)ccc2n3-c2cccc(-n3nc(-c4ccccc4)cc3-c3ccccc3)c2)cc1,,,,"MolVec 0.9.8 (git b412dd0, Maven Central)",1.8288119342178106
jpo,2008024698_18_chem,N=C(/C=C(\Nc1cc(-c2cc(-n3nc(-c4ccccc4)cc3-c3ccccc3)cc(-n3c4ccccc4c4ccccc43)c2)cc(-n2c3ccccc3c3ccccc32)c1)c1ccccc1)c1ccccc1,,,,"MolVec 0.9.8 (git b412dd0, Maven Central)",3.0941875223070383
jpo,2008024762_11_chem,O=C=P(Cl)(c1ccccc1)c1ccccc1,,,,"MolVec 0.9.8 (git b412dd0, Maven Central)",0.8533223811537027
jpo,2008024884_10_chem,CO=O.NC1=CC=C(C2=NC3=CC4=C(C=C3O2)N=C(C2=CC=C(N)C=C2)O4)C=C1,,,,"MolVec 0.9.8 (git b412dd0, Maven Central)",1.0769078712910414
jpo,2008026481_12_chem,COCCCC1=CC=C(N(C2=CC=C(CCCO(C)=O)C=C2)C2=CC=C(C)C(C)=C2)C=C1,,,,"MolVec 0.9.8 (git b412dd0, Maven Central)",0.2683049328625202
jpo,2008026791_5_chem,CC.c1ccc2c(c1)-c1nc-2nc2[nH]c(nc3nc(nc4[nH]c(n1)c1ccccc41)-c1ccccc1-3)c1ccccc21,,,,"MolVec 0.9.8 (git b412dd0, Maven Central)",1.5005062520503998
jpo,2008030370_4_chem,CP(C)(C)=O,,,,"MolVec 0.9.8 (git b412dd0, Maven Central)",0.472499692812562
jpo,2008031042_19_chem,Nc1cccc2c(Cl)c[nH]c12,,,,"MolVec 0.9.8 (git b412dd0, Maven Central)",0.08323832601308823
jpo,2008031042_24_chem,O=[N+]([O-])c1cccc2c(Cl)c[nH]c12,,,,"MolVec 0.9.8 (git b412dd0, Maven Central)",0.07879265397787094
jpo,2008031068_45_chem,CS.c1ccc(-c2cc(-c3cccc(-c4cc(-c5ccccc5)nc(-c5ccccc5)c4)c3)cc(-c3ccccc3)n2)cc1,,,,"MolVec 0.9.8 (git b412dd0, Maven Central)",0.5156946666538715
jpo,2008032911_29_chem,O=C1C=CC(=O)c2c(O)cccc21,,,,"MolVec 0.9.8 (git b412dd0, Maven Central)",0.8327645696699619
jpo,2008033140_62_chem,C=C(Cl)c1ccc(Oc2ccc(C(=O)Cl)cc2)cc1,,,,"MolVec 0.9.8 (git b412dd0, Maven Central)",0.2255812156945467
jpo,2008034788_14_chem,C1=CC2=C3C(=C1)C1=CC=CC4=C1C(=CC=C4C14=C5C1=C54)C3=CC=C2,,,,"MolVec 0.9.8 (git b412dd0, Maven Central)",0.13049484975636005
jpo,2008038180_9_chem,CCCOc1ccc2c(C)cc(OCC3COC3)cc2c1.COC.COC(C)COc1cc(C)c2ccc(OCC3CO3)cc2c1,,,,"MolVec 0.9.8 (git b412dd0, Maven Central)",0.52045669965446
jpo,2008039899_31_chem,CON(c1ccc(N(C)C)cc1)c1cc2ccccc2c(N=Nc2ccc3c(c2)C(=O)N(c2ccc(N=Nc4c(O)c(C(N)(O)c5ccc(N(C)C)cc5)cc5ccccc45)cc2)C3=O)c1O,,,,"MolVec 0.9.8 (git b412dd0, Maven Central)",0.8230394162237644
jpo,2008040463_26_chem,Cc1ccc(C(=Cc2ccc(N(c3ccc(C)cc3)c3ccc(C=C(c4ccccc4)c4ccc(C)cc4)cc3)cc2)c2ccccc2)cc1,,,,"MolVec 0.9.8 (git b412dd0, Maven Central)",0.24150467291474342
jpo,2008044229_8_chem,Nc1cccc(-c2nc3ccc(N)cc3o2)c1,,,,"MolVec 0.9.8 (git b412dd0, Maven Central)",1.1829256396740675
jpo,2008044357_8_chem,C=CCOC(=O)c1cccc(C(=O)OCC(CC)(COC(=O)c2cccc(C(=O)OCC=C)c2)COC(=O)c2cccc(C(=O)OCC(C)OC(=O)c3cccc(C(=O)OCC=C)c3)c2)c1,,,,"MolVec 0.9.8 (git b412dd0, Maven Central)",0.41576580330729485
jpo,2008044949_80_chem,O=C(O)c1ccc(CNC(=O)c2cc(F)cnc2Cc2ccc(F)cc2)cc1,,,,"MolVec 0.9.8 (git b412dd0, Maven Central)",0.15206064842641354
jpo,2008047814_2_chem,Nc1ccc(-c2nc3cc(N)ccc3o2)cc1,,,,"MolVec 0.9.8 (git b412dd0, Maven Central)",0.9518998749554157
jpo,2008049482_3_chem,O=C(CSc1ccc(O)cc1)Nc1ccccc1O,,,,"MolVec 0.9.8 (git b412dd0, Maven Central)",0.2924836426973343
jpo,2008049613_14_chem,CC.CCn1c(O)c(/C=N/c2c(C(C)C)cccc2C(C)C)c(C)c(C#N)c1=O,,,,"MolVec 0.9.8 (git b412dd0, Maven Central)",0.3277821969240904
jpo,2008050342_19_chem,NCC1CC2C=CC1C2,,,,"MolVec 0.9.8 (git b412dd0, Maven Central)",0.7255601026117802
jpo,2008050365_252_chem,O=C(O)C1(c2ccc(OCCCN3CCCC3)cc2)CCOCC1,,,,"MolVec 0.9.8 (git b412dd0, Maven Central)",0.3927547335624695
jpo,2008050365_476_chem,c1cc2c(cn1)ncn2CC1(c2ccc(OCCCN3CCCC3)cc2)CCOCC1,,,,"MolVec 0.9.8 (git b412dd0, Maven Central)",0.397699311375618
jpo,2008050365_490_chem,CNCC1(c2ccc(OCCCN3CCOCC3)cc2)CCOCC1,,,,"MolVec 0.9.8 (git b412dd0, Maven Central)",0.3174385279417038
jpo,2008050365_50_chem,CN(C)CC1(c2ccc(OCCCN3CCC(CCO)CC3)cc2)CCOCC1,,,,"MolVec 0.9.8 (git b412dd0, Maven Central)",0.29403783567249775
jpo,2008050544_6_chem,CC1=CC(C2CC(=O)OC2=O)CC2C(=O)OC(=O)C12,,,,"MolVec 0.9.8 (git b412dd0, Maven Central)",0.18769056163728237
jpo,2008050567_7_chem,CC1CCC(C)CC1,,,,"MolVec 0.9.8 (git b412dd0, Maven Central)",0.44453713297843933
jpo,2008056680_130_chem,CBNC(C)(C)OC(=O)NCc1cccc(I)c1,,,,"MolVec 0.9.8 (git b412dd0, Maven Central)",0.08233208954334259
jpo,2008056680_159_chem,CCCCCC(C)(O)Cc1cccc(CC(=O)O)c1,,,,"MolVec 0.9.8 (git b412dd0, Maven Central)",0.052918605506420135
jpo,2008056719_47_chem,CCOC(=O)/C=[N+](\CC(=O)OCC)[C@H]1CCC2([C@H](C)CNC3(C(Cl)(Cl)Cl)C[C@@H]3C[C@H](CNO)C(Cl)(Cl)Cl)C(=C1Br)[C@@H]2C.CO,,,,"MolVec 0.9.8 (git b412dd0, Maven Central)",4.232270166277885
jpo,2008056902_6_chem,CC(C)(c1cc(Br)c(O)c(Br)c1)c1cc(Br)c(O)c(Br)c1,,,,"MolVec 0.9.8 (git b412dd0, Maven Central)",0.9490196947008371
jpo,2008058707_41_chem,C=C.CC.CC(=N)N(C)C.CC(C)=N.CCC.CCCC12C3C1(C)[C@@]32C.CN.CNC,,,,"MolVec 0.9.8 (git b412dd0, Maven Central)",13.92602226138115
jpo,2008063226_9_chem,Cc1ccc(Nc2ccc(Nc3ccc(C)cc3)c3c2C(=O)c2ccc(C(=O)O)cc2C3=O)cc1,,,,"MolVec 0.9.8 (git b412dd0, Maven Central)",0.14540911838412285
jpo,2008063265_97_chem,CCc1nc2c(OC)cccc2o1,,,,"MolVec 0.9.8 (git b412dd0, Maven Central)",0.07662983983755112
jpo,2008063341_35_chem,CP(C)(C)=O,,,,"MolVec 0.9.8 (git b412dd0, Maven Central)",0.16509274393320084
jpo,2008066062_6_chem,[H]P(OC)(OCC)=OC,,,,"MolVec 0.9.8 (git b412dd0, Maven Central)",0.949585173279047
jpo,2008066499_8_chem,N#Cc1nc2c3nc(C#N)c(C#N)nc3c3nc(NO)c(C#N)nc3c2nc1C#N,,,,"MolVec 0.9.8 (git b412dd0, Maven Central)",1.5395623669028282
jpo,2008069221_44_chem,c1ccc2c(c1)c1ccccc1n2-c1ccc(-c2ccc(-n3c4ccccc4c4ccccc43)cc2)cc1,,,,"MolVec 0.9.8 (git b412dd0, Maven Central)",0.7364130355417728
jpo,2008069331_37_chem,Nc1c(N=Nc2ccc3c(O)cc(S(=O)(=O)O)cc3c2S(=O)(=O)O)cc(S(=O)(=O)O)c2cc(S(=O)(=O)O)c(N=Nc3ccc([N+](=O)[O-])cc3S(=O)(=O)O)c(O)c12,,,,"MolVec 0.9.8 (git b412dd0, Maven Central)",0.7123321369290352
jpo,2008069363_9_chem,C(C=Cc1ccc(N(c2ccccc2)c2ccc(-c3ccc(N(c4ccccc4)c4ccc(/C=C/C=Cc5ccccc5)cc4)cc3)cc2)cc1)=Cc1ccccc1,,,,"MolVec 0.9.8 (git b412dd0, Maven Central)",2.8294150326400995
jpo,2008070901_38_chem,ClC(Cl)(Cl)c1nc(-c2ccc3c(c2)OCO3)nc(C(Cl)(Cl)Cl)n1,,,,"MolVec 0.9.8 (git b412dd0, Maven Central)",0.8474649116396904
jpo,2008071559_3_chem,O=S1(=O)CS(=O)(=O)OCO1,,,,"MolVec 0.9.8 (git b412dd0, Maven Central)",1.1450057588517666
jpo,2008072905_2_chem,CC1=C(/C=C/C(C)=C/C=C/C(C)=C/C=C/C=C(C)/C=C/C=C(C)/C=C/C2=C(C)C(=O)C(O)CC2(C)C)C(C)(C)CC(C)C1=O,,,,"MolVec 0.9.8 (git b412dd0, Maven Central)",0.3238009475171566
jpo,2008073993_3_chem,CCC1C(C)C2(C)CCCC12.IC1CC1,,,,"MolVec 0.9.8 (git b412dd0, Maven Central)",1.508135061711073
jpo,2008074751_10_chem,N#Cc1cccc(-c2cc(N3CCN(c4ccncc4)CC3)ncn2)c1,,,,"MolVec 0.9.8 (git b412dd0, Maven Central)",1.1470092460513115
jpo,2008074751_5_chem,Clc1ccc(-c2cc(N3CCN(c4ccncc4)CC3)ncn2)cc1Cl,,,,"MolVec 0.9.8 (git b412dd0, Maven Central)",1.201330367475748
jpo,2008074837_20_chem,O=C(O)Cc1ccc(OCc2ccccc2C(=O)O)cc1,,,,"MolVec 0.9.8 (git b412dd0, Maven Central)",0.09273253194987774
jpo,2008074837_24_chem,COC(=O)Cc1ccc(OCc2ccccc2C(=O)OC)cc1,,,,"MolVec 0.9.8 (git b412dd0, Maven Central)",0.1212847288697958
jpo,2008074874_70_chem,CCCN1CCOC(c2cccc3[nH]ccc23)C1,,,,"MolVec 0.9.8 (git b412dd0, Maven Central)",0.2187250219285488
jpo,2008074874_72_chem,CCCN1CCOC(c2cccc3c2C(Br)(Br)C(=O)N3)C1,,,,"MolVec 0.9.8 (git b412dd0, Maven Central)",0.2184389792382717
jpo,2008074877_79_chem,FC(F)(F)c1ccccc1C1=CCNCC1,,,,"MolVec 0.9.8 (git b412dd0, Maven Central)",0.21148107945919037
jpo,2008074947_29_chem,COPCC(C)CC(C)(C)C,,,,"MolVec 0.9.8 (git b412dd0, Maven Central)",4.228788843378425
jpo,2008075045_38_chem,C=COCC1CCC(CO)CC1,,,,"MolVec 0.9.8 (git b412dd0, Maven Central)",0.05551012232899666
jpo,2008076850_15_chem,Oc1ccc2c(c1)Cc1c-2c2c(c3c1-c1ccc(O)cc1C3)-c1ccc(O)cc1C2,,,,"MolVec 0.9.8 (git b412dd0, Maven Central)",1.10717842169106
jpo,2008077078_53_chem,CCN(CC)c1ccc(/C=C2/O/C(=N/C3CCCCC3)N(C3CCCCC3)C2=O)cc1,,,,"MolVec 0.9.8 (git b412dd0, Maven Central)",0.23636498861014843
jpo,2008077101_29_chem,O=C(O)CNc1ccccc1,,,,"MolVec 0.9.8 (git b412dd0, Maven Central)",0.522455433383584
jpo,2008077101_56_chem,COc1ccc(/C(C#N)=N/OS(=O)(=O)c2ccc(C)cc2)cc1,,,,"MolVec 0.9.8 (git b412dd0, Maven Central)",0.8856720495969057
jpo,2008081504_15_chem,Cc1cccc(C)c1N1C(=O)CS/C1=N\C(C)C,,,,"MolVec 0.9.8 (git b412dd0, Maven Central)",1.296445943415165
jpo,2008081504_42_chem,C=CC/N=C1\SCC(=O)N1c1ccccc1,,,,"MolVec 0.9.8 (git b412dd0, Maven Central)",0.855266097933054
jpo,2008081672_16_chem,C=C(C)C(=O)OCCOC(=O)CCC(=O)O.CS(C)(=O)=O,,,,"MolVec 0.9.8 (git b412dd0, Maven Central)",0.21293291077017784
jpo,2008083105_20_chem,C(C=Cc1ccc(N(c2ccccc2)c2ccc(-c3ccc(N(c4ccccc4)c4ccc(C=CC=Cc5ccccc5)cc4)cc3)cc2)cc1)=Cc1ccccc1,,,,"MolVec 0.9.8 (git b412dd0, Maven Central)",0.3828313108533621
jpo,2008087309_5_chem,CCC1(C)OCC(CSc2c(O)c(C3C(=O)c4ccccc4C3=O)nc3ccccc23)O1,,,,"MolVec 0.9.8 (git b412dd0, Maven Central)",0.4077731594443321
jpo,2008088126_8_chem,O=C(NCCOCCO)C(=Cc1ccco1)C(=O)NCCOCCO,,,,"MolVec 0.9.8 (git b412dd0, Maven Central)",1.0605120677500963
jpo,2008088167_244_chem,C=C(C)C(=O)OCCOC(=O)c1ccc(C(=O)OCC(O)COc2ccc(Cc3ccc(OCC4CO4)cc3)cc2)cc1,,,,"MolVec 0.9.8 (git b412dd0, Maven Central)",1.7669998835772276
jpo,2008088167_301_chem,C=CC(=O)OCCCCOC(=O)CCC(=O)OCC(COCCOC(=O)C(=C)C)OC(=O)c1ccccc1C(=O)OCC(O)COc1ccc(C(C)(C)c2ccc(OCC3CO3)cc2)cc1.CC,,,,"MolVec 0.9.8 (git b412dd0, Maven Central)",1.8652771152555943
jpo,2008088167_303_chem,C=CC(=O)OCC(COCCCCOC(=O)C(=C)C)OC(=O)c1ccccc1C(=O)OCC(O)COc1ccc(C(C)(C)c2ccc(OCC3CO3)cc2)cc1.CC,,,,"MolVec 0.9.8 (git b412dd0, Maven Central)",1.6537199709564447
jpo,2008088167_442_chem,C=CC(=O)OCCCOC(=O)c1ccc(C(=O)OCCOC(=O)C(=C)C)cc1C(=O)OCC(O)COc1ccc(Cc2ccc(OCC3CO3)cc2)cc1.CC,,,,"MolVec 0.9.8 (git b412dd0, Maven Central)",1.6816770695149899
jpo,2008088167_469_chem,C=CC(=O)OCCOC(=O)c1ccc(C(=O)OCCOC(=O)C(=C)C)cc1C(=O)OCC(O)COc1ccc(C(C)(C)c2ccc(OC[C@@H]3CO3)cc2)cc1,,,,"MolVec 0.9.8 (git b412dd0, Maven Central)",1.87467154674232
jpo,2008088172_19_chem,CC(C)O.CCCc1ncc(C(=O)O)n1Cc1ccc(-c2ccccc2-c2nn[n]([Pt])n2)cc1,,,,"MolVec 0.9.8 (git b412dd0, Maven Central)",0.31105582416057587
jpo,2008088176_40_chem,CC1CCCCC1,,,,"MolVec 0.9.8 (git b412dd0, Maven Central)",0.1272000465542078
jpo,2008088176_677_chem,CCC(N)C(=O)c1nnc(-c2ccncc2)o1,,,,"MolVec 0.9.8 (git b412dd0, Maven Central)",0.2414929624646902
jpo,2008088177_7_chem,CC1C[C@H]1C.O=C1C=CC(=O)N1Cc1ccc(C2(C(F)(F)F)N=N2)cc1,,,,"MolVec 0.9.8 (git b412dd0, Maven Central)",1.1996536403894424
jpo,2008088245_2_chem,O=C1C=CC(=O)N1c1ccc(Cc2ccc(N3C(=O)C=CC3=O)cc2)cc1,,,,"MolVec 0.9.8 (git b412dd0, Maven Central)",2.0208779126405716
jpo,2008088322_9_chem,COc1ccc2cc(C(C)=O)ccc2c1,,,,"MolVec 0.9.8 (git b412dd0, Maven Central)",0.10793428495526314
jpo,2008089871_86_chem,CCCCCCCCS(=O)(=O)NS(=O)(=O)c1ccc(N)cc1,,,,"MolVec 0.9.8 (git b412dd0, Maven Central)",0.43025208078324795
jpo,2008089966_3_chem,C=CC(=O)OCC(CC)CCCC,,,,"MolVec 0.9.8 (git b412dd0, Maven Central)",0.2404000349342823
jpo,2008091762_13_chem,Nc1cccc(-c2nc3cc4nc(-c5cccc(N)c5)oc4cc3o2)c1,,,,"MolVec 0.9.8 (git b412dd0, Maven Central)",1.2412077989429235
jpo,2008094015_15_chem,Nc1ccc(-c2nc3cc4oc(-c5cccc(N)c5)nc4cc3o2)cc1,,,,"MolVec 0.9.8 (git b412dd0, Maven Central)",1.2265773005783558
jpo,2008094741_21_chem,C=C(C)COC(=O)C1C2C=CC(C2C)C1C(=O)OCC(=C)C,,,,"MolVec 0.9.8 (git b412dd0, Maven Central)",0.2934358958154917
jpo,2008094741_34_chem,C=CCOC(=O)C1C(C(=O)OCC(=C)C)C2C(C)C1C1OC12,,,,"MolVec 0.9.8 (git b412dd0, Maven Central)",0.2800476849079132
jpo,2008094770_11_chem,C=CC(=O)OCCSc1ccc(C(=O)c2ccc3c(c2)c2cc(/C(C)=N/OC(=O)C(F)(F)F)ccc2n3CC)cc1,,,,"MolVec 0.9.8 (git b412dd0, Maven Central)",1.3859274610877037
jpo,2008094770_4_chem,C=CC(=O)OCCSc1ccc(C(=O)c2ccc3c(c2)c2cc(/C(C)=N/OC(C)=O)ccc2n3CC)c(C)c1,,,,"MolVec 0.9.8 (git b412dd0, Maven Central)",1.4723231680691242
jpo,2008094771_33_chem,O=C(Cl)c1ccc(Cl)c(OCCn2cnnn2)c1Cl,,,,"MolVec 0.9.8 (git b412dd0, Maven Central)",0.38723242841660976
jpo,2008094795_14_chem,CC(C)OC1=CC=CN2C1=NC(=O)C2(Cc1ccccc1)Cc1ccccc1,,,,"MolVec 0.9.8 (git b412dd0, Maven Central)",0.8817470502108335
jpo,2008094795_25_chem,O=C1N=C2C(Cl)=CC(Cl)=CN2C1(Cc1ccccc1)Cc1ccccc1,,,,"MolVec 0.9.8 (git b412dd0, Maven Central)",0.805658258497715
jpo,2008094795_85_chem,O=C1CCCCN2C=CC3=C(CCCC3)/C2=N/1,,,,"MolVec 0.9.8 (git b412dd0, Maven Central)",0.6826618574559689
jpo,2008094836_61_chem,C=CC(c1ccccc1)C(c1ccc(OCCN2CCCCC2)cc1)c1ccc(OCCN2CCCCC2)cc1,,,,"MolVec 0.9.8 (git b412dd0, Maven Central)",0.7534947283565998
jpo,2008094836_62_chem,C=CC(c1ccccc1)C(c1ccc(OCCN2CCOCC2)cc1)c1ccc(OCCN2CCOCC2)cc1,,,,"MolVec 0.9.8 (git b412dd0, Maven Central)",0.8304318320006132
jpo,2008094847_337_chem,O=[N+]1([O-])=C(C2=CC=C(F)C=C2)NC2=CC(C3=CC=CS3)=CC=C21,,,,"MolVec 0.9.8 (git b412dd0, Maven Central)",0.21355621702969074
jpo,2008094847_388_chem,O=[N+]1([O-])=C(C2=CC=C(CN3CCOCC3)C=C2)NC2=CC(C3=CC=CS3)=CC=C21,,,,"MolVec 0.9.8 (git b412dd0, Maven Central)",0.1976570263504982
jpo,2008094933_9_chem,O=[PH]1Oc2ccccc2-c2ccccc21,,,,"MolVec 0.9.8 (git b412dd0, Maven Central)",1.0340234581381083
jpo,2008095000_18_chem,O=c1oc(=O)c2cc3c(=O)oc(=O)c3cc12,,,,"MolVec 0.9.8 (git b412dd0, Maven Central)",0.9882511515170336
jpo,2008095087_86_chem,C=C(C)C(=O)O,,,,"MolVec 0.9.8 (git b412dd0, Maven Central)",0.042525390163064
jpo,2008096968_55_chem,COc1ccc(N(c2ccccc2)c2ccc(C=Cc3ccc(C=Cc4ccc(N(c5ccccc5)c5ccc(OC)cc5)cc4)cc3)cc2)cc1,,,,"MolVec 0.9.8 (git b412dd0, Maven Central)",0.1523850280791521
jpo,2008098665_57_chem,C1=CCC(c2ccc(C3c4c(c(-c5ccccc5)c5ccccc5c4-c4ccccc4)C(c4ccc(-c5ccccc5)cc4)C4C=CCCC34)cc2)CC1,,,,"MolVec 0.9.8 (git b412dd0, Maven Central)",0.21907006576657295
jpo,2008101010_34_chem,Cc1cc2c(-c3ccc(F)cc3)cc(=O)oc2cc1C(=O)O,,,,"MolVec 0.9.8 (git b412dd0, Maven Central)",0.5876359883695841
jpo,2008101015_238_chem,COc1cc(/C=C2\CCCN(Cc3ccc(C(C)(C)C)cc3)C2=O)ccc1-n1cnc(C)c1,,,,"MolVec 0.9.8 (git b412dd0, Maven Central)",0.7220702674239874
jpo,2008101015_248_chem,CC(O)c1cc(/C=C/C(=O)NC2CCc3ccccc32)ccc1-n1ccnc1,,,,"MolVec 0.9.8 (git b412dd0, Maven Central)",0.405916815623641
jpo,2008101015_375_chem,COc1cc(/C=C2\CCCN(Cc3ccc4cc(N5CCOCC5)ccc4c3)C2=O)ccc1-n1cnc(C)c1,,,,"MolVec 0.9.8 (git b412dd0, Maven Central)",0.15732954069972038
jpo,2008101015_439_chem,COc1cc(/C=C2\CCCN(C(CO)c3cc(F)c(F)c(F)c3)C2=O)ccc1-n1cnc(C)c1,,,,"MolVec 0.9.8 (git b412dd0, Maven Central)",0.21481339633464813
jpo,2008101015_67_chem,O=C(/C=C/c1ccc(-n2ccnc2)cc1)NC1c2ccccc2-c2ccccc21,,,,"MolVec 0.9.8 (git b412dd0, Maven Central)",0.6274552382528782
jpo,2008101187_15_chem,C.CC.O=C(Oc1ccc(OC(=O)c2ccc3c(c2)C(=O)OC3=O)cc1)c1ccc(C(=O)Oc2ccc(OC(=O)c3ccc4c(c3)C(=O)OC4=O)cc2)cc1,,,,"MolVec 0.9.8 (git b412dd0, Maven Central)",0.3615727685391903
jpo,2008105283_3_chem,CCC(C)CC,,,,"MolVec 0.9.8 (git b412dd0, Maven Central)",1.483665781095624
jpo,2008106016_106_chem,Cc1ccc(C)cc1,,,,"MolVec 0.9.8 (git b412dd0, Maven Central)",0.17958133295178413
jpo,2008106016_122_chem,C=CCN1C(=O)C2CC=CC(C)C2C1=O,,,,"MolVec 0.9.8 (git b412dd0, Maven Central)",0.28794864378869534
jpo,2008106016_131_chem,CCCCCC,,,,"MolVec 0.9.8 (git b412dd0, Maven Central)",0.14769326150417328
jpo,2008106016_158_chem,C=CCN1C(=O)CC2(CC=CCC2)C1=O,,,,"MolVec 0.9.8 (git b412dd0, Maven Central)",0.3375071734189987
jpo,2008106016_165_chem,C=CCN1C(=O)CC2(CC3C4=CC2C43)C1=O,,,,"MolVec 0.9.8 (git b412dd0, Maven Central)",0.30369760282337666
jpo,2008106016_33_chem,CC1CCC(C)CC1,,,,"MolVec 0.9.8 (git b412dd0, Maven Central)",0.15718842670321465
jpo,2008106016_62_chem,Cc1cccc(C)c1,,,,"MolVec 0.9.8 (git b412dd0, Maven Central)",0.1685430221259594
jpo,2008106016_89_chem,C=CCOC(=O)C1CC=CCC1C(=O)OCC=C,,,,"MolVec 0.9.8 (git b412dd0, Maven Central)",0.3201773874461651
jpo,2008106055_44_chem,C(=C\c1cccc(N(c2cccc(-c3ccccc3)c2)c2cccc(-c3ccccc3)c2)c1)/c1ccccc1.CCC,,,,"MolVec 0.9.8 (git b412dd0, Maven Central)",0.41847923398017883
jpo,2008106070_19_chem,O=C1COCCN1Cc1ccccc1,,,,"MolVec 0.9.8 (git b412dd0, Maven Central)",0.11621941439807415
jpo,2008106226_6_chem,O=C(O)C1CCC2C(=O)OC(=O)C2C1,,,,"MolVec 0.9.8 (git b412dd0, Maven Central)",0.2162582315504551
jpo,2008106268_17_chem,CCOC(=O)c1cnc(NNc2cc3c(cc2NS(=O)(=O)C(F)(F)F)N(CC(C)C)CCC3)nc1C(F)(F)F,,,,"MolVec 0.9.8 (git b412dd0, Maven Central)",2.0195292588323355
jpo,2008107683_7_chem,CCn1c2ccc(C(=O)C(=NOC(C)=O)C(=O)c3cccc4ccccc34)cc2c2cc(C(=O)c3ccccc3C)ccc21,,,,"MolVec 0.9.8 (git b412dd0, Maven Central)",1.1291228532791138
jpo,2008110966_12_chem,CO(Cl)C(=O)CC1=CC=C2OCC3=C(C=CC=C3)C(=O)C2=C1,,,,"MolVec 0.9.8 (git b412dd0, Maven Central)",0.19218900054693222
jpo,2008111105_10_chem,CC(CC(=O)OCC1CCC2OC2C1)CC(C)(C)COC(=O)C1CCC(O)C1,,,,"MolVec 0.9.8 (git b412dd0, Maven Central)",0.40739292837679386
jpo,2008111122_32_chem,Nc1n[nH]c(S)n1,,,,"MolVec 0.9.8 (git b412dd0, Maven Central)",0.9316461998969316
jpo,2008112630_13_chem,O=C1C(=O)c2ccccc2-c2ccccc21,,,,"MolVec 0.9.8 (git b412dd0, Maven Central)",0.34170668572187424
jpo,2008112976_11_chem,c1ccc2cc(-c3c4ccccc4c(-c4ccc5ccccc5c4)c4ccccc34)ccc2c1,,,,"MolVec 0.9.8 (git b412dd0, Maven Central)",1.4333731029182673
jpo,2008115090_2_chem,C=CCSS(=O)(=O)O,,,,"MolVec 0.9.8 (git b412dd0, Maven Central)",0.139956621453166
jpo,2008115159_4_chem,COc1cc2c(c(OC)c1C)OCO2,,,,"MolVec 0.9.8 (git b412dd0, Maven Central)",0.08091334998607635
jpo,2008115159_5_chem,COc1cc(OC)c2c(c1C)OCO2,,,,"MolVec 0.9.8 (git b412dd0, Maven Central)",0.0754783246666193
jpo,2008115166_103_chem,CONOc1cc(C)c(C(c2cc(F)ccc2F)S(=O)(=O)c2ccc(F)cc2)cn1,,,,"MolVec 0.9.8 (git b412dd0, Maven Central)",0.46992225013673306
jpo,2008115166_145_chem,CC1=C(C2C3=C(F)C=CC(F)=C3O2(F)(S)C2=CC=C(C(F)(F)F)N=C2)C=NC(C(=O)NCO)=C1,,,,"MolVec 0.9.8 (git b412dd0, Maven Central)",0.7663505412638187
jpo,2008115166_155_chem,CCCC(=O)c1cc(C)c(C(c2c(C)ccc(F)c2F)S(=O)(=O)c2ccc(O)cc2)cn1,,,,"MolVec 0.9.8 (git b412dd0, Maven Central)",0.722467590123415
jpo,2008115166_68_chem,COc1ccc(S(=O)(=O)C(c2cnc(C(=O)NCCO)cc2C)c2cc(F)ccc2F)cc1F,,,,"MolVec 0.9.8 (git b412dd0, Maven Central)",0.6413273010402918
jpo,2008115269_6_chem,CC.CC.CC.CC1CC1.CCC(C)(C)C(CC)(CC)CC.CCC(C)C(C)(C)CC.CCC(C)CC.CCCC(C)CCC.CCCCC.CCCCC(C)(CC)CC.CCCCC1(C)CC1.CCCCCCCC.CCCCCCCC,,,,"MolVec 0.9.8 (git b412dd0, Maven Central)",16.992083387449384
jpo,2008115389_28_chem,C1CO1.COCC[N+](C)(C)C1=CC=C(O(C)[C@H]2CO2)C=C1,,,,"MolVec 0.9.8 (git b412dd0, Maven Central)",1.3871522955596447
jpo,2008116677_14_chem,Cc1cc(C(c2cc(C(c3cc(C)c(O)c(C)c3C)c3cc(C)c(O)c(C)c3C)cc(C(c3cc(C)c(O)c(C)c3C)c3cc(C)c(O)c(C)c3C)c2)c2cc(C)c(O)c(C)c2C)c(C)c(C)c1O,,,,"MolVec 0.9.8 (git b412dd0, Maven Central)",0.33869362249970436
jpo,2008116961_18_chem,COCN(C)c1nc(N(COC)COC)nc(N(COC)COC)n1,,,,"MolVec 0.9.8 (git b412dd0, Maven Central)",1.9277392011135817
jpo,2008119485_2_chem,CNC(=O)NC,,,,"MolVec 0.9.8 (git b412dd0, Maven Central)",0.03613605536520481
jpo,2008120750_4_chem,CC(C)CCC(C)C1CCC2C3CC=C4CC(O(C)(=O)C5=CC=C(O)C=C5)CCC4(C)C3CCC12C,,,,"MolVec 0.9.8 (git b412dd0, Maven Central)",0.5967564471065998
jpo,2008120794_36_chem,Cc1cc(CN2CC(C(=O)O)C2)sc1-c1noc(-c2ccc(Oc3ccccc3)c(F)c2)n1,,,,"MolVec 0.9.8 (git b412dd0, Maven Central)",0.05145232379436493
jpo,2008120794_50_chem,CCc1nc(CN2CC(C(=O)O)C2)ccc1C(=[N-])/N=C(\O)c1ccc(CC(C)C)c(Cl)c1,,,,"MolVec 0.9.8 (git b412dd0, Maven Central)",0.08488745428621769
jpo,2008120831_107_chem,CCCC(C)Cn1c(=O)[nH]c(=O)c2[nH]c(Cl)nc21,,,,"MolVec 0.9.8 (git b412dd0, Maven Central)",0.05271805636584759
jpo,2008120831_16_chem,C=CCn1c(Cl)nc2[nH]c(=O)[nH]c(=O)c21,,,,"MolVec 0.9.8 (git b412dd0, Maven Central)",0.042263977229595184
jpo,2008120831_17_chem,C=CCCCn1c(=O)[nH]c(=O)c2[nH]c(Cl)nc21,,,,"MolVec 0.9.8 (git b412dd0, Maven Central)",0.05760507471859455
jpo,2008120831_29_chem,O=c1[nH]c(=O)n(CCC2CC2)c2nc(Cl)[nH]c12,,,,"MolVec 0.9.8 (git b412dd0, Maven Central)",0.05978045240044594
jpo,2008122451_32_chem,Cc1ccc(O)c(C(=O)O)c1,,,,"MolVec 0.9.8 (git b412dd0, Maven Central)",0.039175041019916534
jpo,2008122760_15_chem,CCc1cccc(C)c1N(c1ccccc1)c1ccc(/C=C/c2ccc(/C=C/c3ccc(N(c4ccccc4)c4c(C)cccc4CC)cc3)cc2)cc1,,,,"MolVec 0.9.8 (git b412dd0, Maven Central)",0.2442857939749956
jpo,2008122843_12_chem,CC(=O)ON=Cc1ccc2sc3ccccc3c(=O)c2c1,,,,"MolVec 0.9.8 (git b412dd0, Maven Central)",0.19268201850354671
jpo,2008122943_17_chem,c1ccc2c(c1)CCc1ccccc1N2c1ccc(-c2ccc(N3c4ccccc4CCc4ccccc43)cc2)cc1,,,,"MolVec 0.9.8 (git b412dd0, Maven Central)",0.3713766224682331
jpo,2008124295_4_chem,Nc1cccc(-c2nc3cc(N)ccc3o2)c1,,,,"MolVec 0.9.8 (git b412dd0, Maven Central)",1.9672503862529993
jpo,2008127290_10_chem,c1ccc(N(c2ccc3c(c2)c2cc(-n4c5ccccc5c5ccccc54)ccc2n3-c2ccccc2)c2ccc3c(c2)c2cc(-n4c5ccccc5c5ccccc54)ccc2n3-c2ccccc2)cc1,,,,"MolVec 0.9.8 (git b412dd0, Maven Central)",0.6165680289268494
jpo,2008127345_39_chem,O=CCc1ccc(-c2ccccc2)cc1,,,,"MolVec 0.9.8 (git b412dd0, Maven Central)",0.6499993614852428
jpo,2008129178_12_chem,CCC(C)(C(CCc1ccc(C)c(C)c1)CCc1ccc(C)c(C)c1)C1CCC(c2ccc(C)c(C)c2)(c2ccc(O)c(C)c2)CC1,,,,"MolVec 0.9.8 (git b412dd0, Maven Central)",1.951067240908742
jpo,2008129452_8_chem,Cc1cc(-c2ccccc2)c2ccc3c(-c4ccccc4)cc(C)nc3c2n1,,,,"MolVec 0.9.8 (git b412dd0, Maven Central)",1.4582183137536049
jpo,2008130599_7_chem,FC(F)(F)c1ccccc1-c1nc2cc(C(c3ccc4oc(-c5ccccc5C(F)(F)F)nc4c3)(C(F)(F)F)C(F)(F)F)ccc2o1,,,,"MolVec 0.9.8 (git b412dd0, Maven Central)",0.9549889881163836
jpo,2008130784_22_chem,O=C1OC(=O)c2cc(S(=O)(=O)c3ccc4c(c3)C(=O)OC4=O)ccc21,,,,"MolVec 0.9.8 (git b412dd0, Maven Central)",1.6253300495445728
jpo,2008131436_5_chem,CCCC.CCCC,,,,"MolVec 0.9.8 (git b412dd0, Maven Central)",14.322529761120677
jpo,2008133264_118_chem,CC(C)c1cc(/C=C/c2ccc(N(c3ccccc3)c3cccc(/C=C/c4cc(C(C)(C)C)cc(C(C)(C)C)c4)c3)cc2)cc(C(C)(C)C)c1,,,,"MolVec 0.9.8 (git b412dd0, Maven Central)",0.903157502412796
jpo,2008133264_121_chem,CC(C)(C)c1ccc(/C=C/c2ccc(N(c3ccc(/C=C/c4ccc(N(c5ccc(/C=C/c6ccc(C(C)(C)C)cc6)cc5)c5ccc(-c6ccccc6)cc5)cc4)cc3)c3ccc(-c4ccccc4)cc3)cc2)cc1,,,,"MolVec 0.9.8 (git b412dd0, Maven Central)",1.1362402383238077
jpo,2008133310_5_chem,CC/C=C(\C)CO,,,,"MolVec 0.9.8 (git b412dd0, Maven Central)",0.46946531906723976
jpo,2008133421_76_chem,COc1cc(/N=N/c2cccc(S(=O)(=O)O)c2)ccc1NC(=O)c1ccc(N)cc1,,,,"MolVec 0.9.8 (git b412dd0, Maven Central)",0.23383908718824387
jpo,2008133421_99_chem,COc1cc(/N=N/c2ccc(C(=O)Nc3ccc(/N=N/c4ccc(S(=O)(=O)O)cc4)cc3OC)cc2)ccc1O,,,,"MolVec 0.9.8 (git b412dd0, Maven Central)",0.2850816734135151
jpo,2008134392_9_chem,O=C(OCc1ccccc1)C1=C(c2ccccc2)C(=O)c2ccccc2C1=O,,,,"MolVec 0.9.8 (git b412dd0, Maven Central)",0.37878080643713474
jpo,2008135384_37_chem,O=C1CC2C(C(=O)O1)C1C(=O)OC(=O)C21,,,,"MolVec 0.9.8 (git b412dd0, Maven Central)",0.22175446897745132
jpo,2008135759_20_chem,CC(C)(C1=CC=C(OC2=CC=C3C(=O)OC(=O)C3=C2)C=C1)C1=CC=C(OC2=CC3=C(C=C2)C(=O)OC3=O)C=C1.N=[N+](CC=C1CC1)P(N)(N)(N)(N)(N)(N)(N)O,,,,"MolVec 0.9.8 (git b412dd0, Maven Central)",1.2335643209517002
jpo,2008137925_10_chem,O=[SH]12CC(O)C(O)C(O)CC(O)CC(O)C1(O)C(O)C(O)C2,,,,"MolVec 0.9.8 (git b412dd0, Maven Central)",1.6300409901887178
jpo,2008138011_115_chem,CC(C)(C)OC(=O)N1Cc2nc(Br)sc2C1,,,,"MolVec 0.9.8 (git b412dd0, Maven Central)",0.29710339941084385
jpo,2008138011_337_chem,COC(=O)C(=O)Nc1ccc(Br)cn1,,,,"MolVec 0.9.8 (git b412dd0, Maven Central)",0.32417689450085163
jpo,2008138011_86_chem,CN1CCc2ncsc2C1,,,,"MolVec 0.9.8 (git b412dd0, Maven Central)",0.16637260280549526
jpo,2008138011_95_chem,C=Cc1coc(/C=C/c2ccccc2)n1,,,,"MolVec 0.9.8 (git b412dd0, Maven Central)",0.235764903947711
jpo,2008139888_13_chem,CC(C)(c1ccc(O)cc1)c1ccc(O)cc1,,,,"MolVec 0.9.8 (git b412dd0, Maven Central)",0.4265757370740175
jpo,2008143905_308_chem,O=C(O)c1ccc(-c2ccncc2)cc1,,,,"MolVec 0.9.8 (git b412dd0, Maven Central)",2.0653067380189896
jpo,2008143905_328_chem,COC(=O)C(=O)Nc1ccc(Cl)c(C)c1,,,,"MolVec 0.9.8 (git b412dd0, Maven Central)",3.326523430645466
jpo,2008143905_423_chem,O=C(CCl)Nc1ccc(Cl)cn1,,,,"MolVec 0.9.8 (git b412dd0, Maven Central)",4.3333530984818935
jpo,2008143913_19_chem,CC(C)(N)c1ccc(-c2ccc3[nH]ncc3c2[N+](=O)[O-])nc1,,,,"MolVec 0.9.8 (git b412dd0, Maven Central)",0.7889677230268717
jpo,2008143913_37_chem,CC(C)(N)c1ccc(-c2ccc3[nH]ncc3c2CO)cc1,,,,"MolVec 0.9.8 (git b412dd0, Maven Central)",0.7733164131641388
jpo,2008143913_63_chem,CC(C)(N)c1ccc(-c2ccc3[nH]ncc3c2-c2ccncc2)cc1,,,,"MolVec 0.9.8 (git b412dd0, Maven Central)",0.8261531572788954
jpo,2008144099_10_chem,C=C.Nc1ccc(-c2nc3cc4oc(-c5ccc(N)cc5)nc4cc3o2)cc1,,,,"MolVec 0.9.8 (git b412dd0, Maven Central)",1.6138923782855272
jpo,2008144129_30_chem,C=C.c1ccc(-c2c3c(c(-c4ccccc4)c4ccccc24)-c2ccc4c5cccc6cccc(c7ccc-3c2c74)c65)cc1,,,,"MolVec 0.9.8 (git b412dd0, Maven Central)",0.46517230197787285
jpo,2008145763_20_chem,O=C(Cl)c1ccc(Oc2ccc(C(=O)Cl)cc2)cc1,,,,"MolVec 0.9.8 (git b412dd0, Maven Central)",0.21364781819283962
jpo,2008145901_27_chem,N#Cc1cccc(Nc2nc(Nc3ccc(S(=O)(=O)O)cc3)nc(Nc3ccc(S(=O)(=O)O)cc3)n2)c1,,,,"MolVec 0.9.8 (git b412dd0, Maven Central)",1.075135936960578
jpo,2008146044_10_chem,CC(=O)O/N=C/c1ccc2c(c1)C(=O)c1ccccc1C2,,,,"MolVec 0.9.8 (git b412dd0, Maven Central)",0.350999440997839
jpo,2008146044_3_chem,CC(=O)O/N=C/c1ccc2sc3ccccc3c(=O)c2c1,,,,"MolVec 0.9.8 (git b412dd0, Maven Central)",0.3349342178553343
jpo,2008149586_10_chem,C=C(C)C(=O)OCCOC(=O)C(C)(C)Br,,,,"MolVec 0.9.8 (git b412dd0, Maven Central)",0.1885403636842966
jpo,2008149586_28_chem,CCN1C(=O)/C(=C2\SC3=CC=CC=C3[N+]2(C)BN(I)(I)(I)(I)(I)(I)I)SC1=S,,,,"MolVec 0.9.8 (git b412dd0, Maven Central)",0.09146704152226448
jpo,2008150310_30_chem,CC(C)N.CCC(C)C.c1ccc(-c2ccc(N(c3ccc(-c4ccc(-c5ccc(N(c6ccccc6)c6ccc(N(c7ccccc7)c7ccccc7)cc6)cc5)cc4)cc3)c3ccc(N(c4ccccc4)c4ccccc4)cc3)cc2)cc1,,,,"MolVec 0.9.8 (git b412dd0, Maven Central)",2.0381143391132355
jpo,2008150621_5_chem,COC(=O)C(C#N)=Cc1ccc(O)cc1,,,,"MolVec 0.9.8 (git b412dd0, Maven Central)",0.23602791130542755
jpo,2008152128_22_chem,BCC(C)(c1ccc(O)c(C)c1)c1ccc(O)c(O)c1,,,,"MolVec 0.9.8 (git b412dd0, Maven Central)",0.36470055393874645
jpo,2008152170_10_chem,CC1CC2OC2CC1COC(=O)C1CC2OC2CC1C,,,,"MolVec 0.9.8 (git b412dd0, Maven Central)",1.7159576639533043
jpo,2008152203_25_chem,BC.OCN(CO)c1nc(NC23CCC4CC5(CC(C2)C45)C3)nc(N(CO)CO)n1,,,,"MolVec 0.9.8 (git b412dd0, Maven Central)",0.09037635661661625
jpo,2008152232_13_chem,Cc1ccc(N(c2ccc(C)cc2)c2ccc(C=C(c3ccccc3)c3ccccc3)cc2)cc1,,,,"MolVec 0.9.8 (git b412dd0, Maven Central)",0.07819712162017822
jpo,2008153105_4_chem,CC(C)(C)c1ccncc1,,,,"MolVec 0.9.8 (git b412dd0, Maven Central)",1.1369465570896864
jpo,2008156297_37_chem,CCCCCCCC(O)CC(=O)CCc1ccc(O)c(OC)c1,,,,"MolVec 0.9.8 (git b412dd0, Maven Central)",0.8103101216256618
jpo,2008156302_27_chem,C(/C=C/c1ccc(Nc2cccc(Cc3cccc(Nc4ccc(/C=C/C=C/c5ccccc5)cc4)c3)c2)cc1)=C\c1ccccc1,,,,"MolVec 0.9.8 (git b412dd0, Maven Central)",0.8251645211130381
jpo,2008156336_138_chem,C=C.Cn1cc(-c2cnc3ccc4ccc(CNS(C)(=O)=O)cc4c(=O)c3c2)cn1,,,,"MolVec 0.9.8 (git b412dd0, Maven Central)",0.25725038163363934
jpo,2008156347_5_chem,O=C1NC(=O)c2ccccc21,,,,"MolVec 0.9.8 (git b412dd0, Maven Central)",0.04214996658265591
jpo,2008158469_93_chem,Cc1ccc(N(c2ccc(C)cc2)c2ccc(-c3ccc(N(c4ccc(O)cc4)c4ccc(O)cc4)cc3)cc2)cc1,,,,"MolVec 0.9.8 (git b412dd0, Maven Central)",0.5494362637400627
jpo,2008159777_18_chem,Cc1cccc(N(c2ccccc2)c2ccc(N(c3ccc(N(c4ccccc4)c4cccc(C)c4)cc3)c3ccc(N(c4ccccc4)c4cccc(C)c4)cc3)cc2)c1,,,,"MolVec 0.9.8 (git b412dd0, Maven Central)",1.4925634004175663
jpo,2008160065_12_chem,Cc1ccc(S(C)(=O)=O)cc1,,,,"MolVec 0.9.8 (git b412dd0, Maven Central)",0.9245550129562616
jpo,2008160118_4_chem,CC.CC.c1cc(-c2cccc(-n3c4ccccc4c4ccccc43)c2)cc(-n2c3ccccc3c3ccccc32)c1,,,,"MolVec 0.9.8 (git b412dd0, Maven Central)",0.3200895991176367
jpo,2008161737_15_chem,CCC(C)CC(C)CC,,,,"MolVec 0.9.8 (git b412dd0, Maven Central)",0.2021664697676897
jpo,2008161737_18_chem,CC1C(C)[C@H]2C[C@@H]1C(C)C2C,,,,"MolVec 0.9.8 (git b412dd0, Maven Central)",0.28422768972814083
jpo,2008163035_4_chem,C=C1SCCCS1,,,,"MolVec 0.9.8 (git b412dd0, Maven Central)",0.013943333178758621
jpo,2008163045_138_chem,CCON[C@@H]1C(=N)C1N,,,,"MolVec 0.9.8 (git b412dd0, Maven Central)",0.2104327604174614
jpo,2008163087_5_chem,O=C(Oc1ccc(OC(=O)C2CCC3C(=O)OC(=O)C3C2)cc1)C1CCC2C(=O)OC(=O)C2C1,,,,"MolVec 0.9.8 (git b412dd0, Maven Central)",0.2989188823848963
jpo,2008163150_15_chem,C=Cc1ccc(C(C(=O)OCC)C2CCCC2)cc1,,,,"MolVec 0.9.8 (git b412dd0, Maven Central)",2.211518982425332
jpo,2008163184_36_chem,CCC1=C(C)c2cc3[nH]c(nc4nc(cc5[nH]c(cc1n2)c(C)c5CC)C(C)=C4CC)c(C)c3CC,,,,"MolVec 0.9.8 (git b412dd0, Maven Central)",0.2259398903697729
jpo,2008163194_8_chem,CC(C)(c1ccc(O)cc1)c1ccc(O)cc1,,,,"MolVec 0.9.8 (git b412dd0, Maven Central)",0.5703240372240543
jpo,2008164554_16_chem,O=C(O)CN(CC(=O)O)CC1=NN(C2=CC3(=CC=CC=C3)=CC(N3C=CC(CN(CC(=O)O)CC(=O)O)=N3)=N2)C=C1,,,,"MolVec 0.9.8 (git b412dd0, Maven Central)",0.7902381513267756
jpo,2008164715_14_chem,CCCC.Cc1ccc(N(c2ccc(C)cc2)c2ccc(-c3ccc(N(c4ccc(C)cc4)c4ccc(C)cc4)cc3)cc2)cc1,,,,"MolVec 0.9.8 (git b412dd0, Maven Central)",0.8027674350887537
jpo,2008165156_6_chem,CCN(CC)c1ccc(C(=CC=C(c2ccccc2)C2C=CCC=C2)c2ccc(N(CC)CC)cc2)cc1,,,,"MolVec 0.9.8 (git b412dd0, Maven Central)",0.9245956633239985
jpo,2008168439_6_chem,O=c1oc(=O)c2cc3c(=O)oc(=O)c3cc12,,,,"MolVec 0.9.8 (git b412dd0, Maven Central)",1.11380366794765
jpo,2008169174_16_chem,CC/C=C\C/C=C\C/C=C\C/C=C\C/C=C\C/C=C\CCC(=O)Oc1cc2c(c(O)c1OC)C1OC(CO)C(O)C(O)C1OC2=O,,,,"MolVec 0.9.8 (git b412dd0, Maven Central)",0.7096392344683409
jpo,2008169191_29_chem,COc1ccc2c(C)noc2c1CCN1CCC(n2ccc3ccc(C(N)=O)cc32)CC1,,,,"MolVec 0.9.8 (git b412dd0, Maven Central)",1.249416844919324
jpo,2008169224_60_chem,NCC(Cc1ccccc1)NC(Cc1c[nH]cn1)C(=O)O,,,,"MolVec 0.9.8 (git b412dd0, Maven Central)",0.3415064103901386
jpo,2008169374_22_chem,CC12C[C@@]13C[C@H]23.Nc1ccc(/N=N/c2ccc(S(=O)(=O)O)cc2)cc1S(=O)(=O)O,,,,"MolVec 0.9.8 (git b412dd0, Maven Central)",0.3375896792858839
jpo,2008170399_18_chem,CNCC(O)c1ccc(O)c(O)c1,,,,"MolVec 0.9.8 (git b412dd0, Maven Central)",0.30949641950428486
jpo,2008170399_20_chem,O=C(O)Cc1c[nH]c2ccc(O)cc12,,,,"MolVec 0.9.8 (git b412dd0, Maven Central)",0.14223879761993885
jpo,2008171589_3_chem,C1CCC1.C1CCC1.C=C.CC.CC.CC.CC.CC.CC.CC.CC.CC.CC.CC.CC.CCCC.CCCC.CCCC,,,,"MolVec 0.9.8 (git b412dd0, Maven Central)",0.6395757924765348
jpo,2008174648_4_chem,C[C@@H]1C2OCC21CO,,,,"MolVec 0.9.8 (git b412dd0, Maven Central)",0.12463686056435108
jpo,2008174758_51_chem,CCC(C)(C)OC,,,,"MolVec 0.9.8 (git b412dd0, Maven Central)",0.036171671003103256
jpo,2008175813_5_chem,O=C(CCCCC1CCSS1)Nc1cccc(NCC(O)C(O)C(OC2OC(O)C(O)C(O)C2O)C(O)O)c1,,,,"MolVec 0.9.8 (git b412dd0, Maven Central)",2.6909808702766895
jpo,2008176218_24_chem,CCN(C(=S)SC(C)(C)C#N)N(C)C(=O)CF,,,,"MolVec 0.9.8 (git b412dd0, Maven Central)",0.9835857041180134
jpo,2008179635_9_chem,CCOC(=O)Cc1csc(C)n1,,,,"MolVec 0.9.8 (git b412dd0, Maven Central)",0.1718309111893177
jpo,2008179641_19_chem,C/C(=C\c1ccc(C(=O)O)cc1)C(=O)c1cc2ccc(N3CCOCC3)cc2oc1=O,,,,"MolVec 0.9.8 (git b412dd0, Maven Central)",0.9709511920809746
jpo,2008179650_82_chem,N#Cc1ccc(-n2cccn2)cc1O,,,,"MolVec 0.9.8 (git b412dd0, Maven Central)",0.05801749415695667
jpo,2008179797_8_chem,CC(C)C1C(=O)N(CCC(=O)NN)C(=O)N1CCC(=O)NN,,,,"MolVec 0.9.8 (git b412dd0, Maven Central)",0.17986413277685642
jpo,2008180875_26_chem,CCCC1CCC(c2ccc(CC(=O)O)cc2)CC1,,,,"MolVec 0.9.8 (git b412dd0, Maven Central)",0.41529745794832706
jpo,2008184403_8_chem,CNC[n+]1c2c(c(NC(=O)Nc3ccc(C)c(C)c3)c3c1CCC3)CCCC2,,,,"MolVec 0.9.8 (git b412dd0, Maven Central)",0.757164953276515
jpo,2008185692_22_chem,C=CCOCC(COCC=C)(COCC=C)COC(=O)CCC(=O)O,,,,"MolVec 0.9.8 (git b412dd0, Maven Central)",1.2731822598725557
jpo,2008185936_6_chem,O=C1NN=CC1c1ccccc1,,,,"MolVec 0.9.8 (git b412dd0, Maven Central)",0.10379272699356079
jpo,2008189554_37_chem,N=C(N)NCCCCNC(=O)/C=C/c1ccc2c(c1)C(C(=O)NCCCCNC(=N)N)C(c1ccc(O)cc1)O2,,,,"MolVec 0.9.8 (git b412dd0, Maven Central)",0.5351394545286894
jpo,2008189621_29_chem,C=CCOC(=O)C1(C)CCC2(C)OC2C1,,,,"MolVec 0.9.8 (git b412dd0, Maven Central)",0.10524965077638626
jpo,2008189659_402_chem,CN(C)CCOc1ccc2nc(N)sc2n1,,,,"MolVec 0.9.8 (git b412dd0, Maven Central)",0.08576131425797939
jpo,2008189659_419_chem,CN(C)CCSc1cnc(N)s1,,,,"MolVec 0.9.8 (git b412dd0, Maven Central)",0.045305388048291206
jpo,2008189709_10_chem,OC1CCC(C2CCC(O)CC2)CC1,,,,"MolVec 0.9.8 (git b412dd0, Maven Central)",0.49535966850817204
jpo,2008189778_9_chem,CCC(C)(C)COC(=O)c1ccc(C(=O)OC)cc1,,,,"MolVec 0.9.8 (git b412dd0, Maven Central)",0.18516393192112446
jpo,2008189871_18_chem,Cc1cccc2c1Oc1ccc3ccccc3c1C2,,,,"MolVec 0.9.8 (git b412dd0, Maven Central)",0.10782374627888203
jpo,2008189923_7_chem,O=Cc1c(Cl)cccc1Cl,,,,"MolVec 0.9.8 (git b412dd0, Maven Central)",0.042704977095127106
jpo,2008189923_8_chem,CCc1cc(C(c2cc(CC)c(N)c(CC)c2)c2c(Cl)cccc2Cl)cc(CC)c1N,,,,"MolVec 0.9.8 (git b412dd0, Maven Central)",0.2086265217512846
jpo,2008189924_7_chem,CCc1cccc(CC)c1N,,,,"MolVec 0.9.8 (git b412dd0, Maven Central)",0.05388038419187069
jpo,2008189925_39_chem,CCc1cc(C(O)(c2cc(CC)c(N)c(CC)c2)c2c(Cl)cccc2Cl)cc(CC)c1N,,,,"MolVec 0.9.8 (git b412dd0, Maven Central)",0.16017286852002144
jpo,2008189937_12_chem,C1=Cc2nc1c(-c1ccccc1)c1ccc([nH]1)c(-c1ccccc1)c1nc(c(-c3ccccc3)c3ccc([nH]3)c2-c2ccccc2)C=C1,,,,"MolVec 0.9.8 (git b412dd0, Maven Central)",1.4593350552022457
jpo,2008190079_2_chem,C=C1CC1,,,,"MolVec 0.9.8 (git b412dd0, Maven Central)",3.5594409871846437
jpo,2008195740_13_chem,COc1ccc(/C=C\c2cc(OC)c(OC)c(OC)c2)cc1OP(=O)(O)O,,,,"MolVec 0.9.8 (git b412dd0, Maven Central)",0.3046643193811178
jpo,2008195791_4_chem,CC1(C2CCC3OC3(C)C2)CO1,,,,"MolVec 0.9.8 (git b412dd0, Maven Central)",0.8472780343145132
jpo,2008195846_2_chem,C=CC(O)CC(C=C)CC1OC1CC/C=C/CCC1OC1/C=C\O,,,,"MolVec 0.9.8 (git b412dd0, Maven Central)",0.4501684866845608
jpo,2008197395_13_chem,Cc1ccc(S(=O)(=O)Nc2ccccc2)cc1,,,,"MolVec 0.9.8 (git b412dd0, Maven Central)",0.14133662916719913
jpo,2008198391_3_chem,O=C1OCC(F)O1,,,,"MolVec 0.9.8 (git b412dd0, Maven Central)",0.04953674413263798
jpo,2008198989_81_chem,C=C(C)C(=O)Oc1ccc(-c2ccc(N(c3ccc(-c4ccc(OC(=O)C(=C)C)cc4)cc3)c3ccc(-c4ccc(OC(=O)C(=C)C)cc4)cc3)cc2)cc1,,,,"MolVec 0.9.8 (git b412dd0, Maven Central)",0.7239877916872501
jpo,2008201697_5_chem,C=C(C)C(=O)OCCCCCCCCCCC(C(=O)O)C(=O)O,,,,"MolVec 0.9.8 (git b412dd0, Maven Central)",1.1498424671590328
jpo,2008201714_32_chem,COCc1ccc(COC)cc1,,,,"MolVec 0.9.8 (git b412dd0, Maven Central)",0.06976057216525078
jpo,2008201756_10_chem,CC1c2[nH]c3cc4ccccc4cc3c2CC2C(=O)N(C)C(=S)N21,,,,"MolVec 0.9.8 (git b412dd0, Maven Central)",3.902609895914793
jpo,2008201756_13_chem,CC1c2c(c3cc4ccccc4cc3n2C)CC2C(=O)N(C)C(=S)N21,,,,"MolVec 0.9.8 (git b412dd0, Maven Central)",3.6939613856375217
jpo,2008201798_20_chem,O=C(Nc1ccc(-n2nc(-c3cccnc3)cc2C(F)(F)F)cc1)c1cccnc1NCCCCCO,,,,"MolVec 0.9.8 (git b412dd0, Maven Central)",0.12217838689684868
jpo,2008201917_19_chem,C=O=C(C)C(C)(O)C1=CC1,,,,"MolVec 0.9.8 (git b412dd0, Maven Central)",0.11437446624040604
jpo,2008204934_5_chem,c1ccc(-c2c3ccccc3c(-c3ccc(N(c4ccccc4)c4ccc5c(c4)c4ccccc4n5-c4ccccc4)cc3)c3ccccc23)cc1,,,,"MolVec 0.9.8 (git b412dd0, Maven Central)",0.8576000295579433
jpo,2008206514_220_chem,COc1ccc(Cc2nccc3ccsc23)cc1,,,,"MolVec 0.9.8 (git b412dd0, Maven Central)",0.722028249874711
jpo,2008206514_228_chem,Clc1nccc2ccoc12,,,,"MolVec 0.9.8 (git b412dd0, Maven Central)",0.4370356500148773
jpo,2008206514_254_chem,CCCCc1ccc(Cc2ncccc2O)cc1,,,,"MolVec 0.9.8 (git b412dd0, Maven Central)",0.615308366715908
jpo,2008206514_28_chem,CCCCc1ccc(C(=O)c2nccc3ccccc23)cc1,,,,"MolVec 0.9.8 (git b412dd0, Maven Central)",0.7010687626898289
jpo,2008207401_7_chem,C=CN1CCCC1=O,,,,"MolVec 0.9.8 (git b412dd0, Maven Central)",0.02512548677623272
jpo,2008208129_1088_chem,C[C@@H]1COC=C1C1=CN=C2(N3CCC(CCOC4=C(Cl)C=CC(CCC[C@@H]5C[C@@H]5CO)=C4)(N4CCOCC4)CC3)[C@@H]3C=C1[C@]32C,,,,"MolVec 0.9.8 (git b412dd0, Maven Central)",1.3662814795970917
jpo,2008208129_1092_chem,CCOCCNC1(CCCOc2cccc(CC(=O)O)c2)CCN(C2=C3CC2(c2ccc(C(F)(F)F)cc2C24CC2C4)C3)CC1,,,,"MolVec 0.9.8 (git b412dd0, Maven Central)",2.050717329606414
jpo,2008208129_629_chem,O=CC1=C(CCC2CCN(C3=OC4=CC=C5(C=C4S3)CCl5)CC2)C=CC=C1,,,,"MolVec 0.9.8 (git b412dd0, Maven Central)",0.765366930514574
jpo,2008208129_808_chem,CCC(OC)C(/C=C(\C)CCC=O)OCCC1CCN([C@@H]2CC34(CC3)C3=C4(C=CC(C4C5CC[C@@H]54)=C3)N2)CC1,,,,"MolVec 0.9.8 (git b412dd0, Maven Central)",0.9956889543682337
jpo,2008208129_822_chem,Cc1c(SCCC2CCN(c3nc4ccc(Cl)cc4s3)CC2)ccc2c(CC(=O)O)csc12,,,,"MolVec 0.9.8 (git b412dd0, Maven Central)",0.10943039692938328
jpo,2008208129_824_chem,Cc1cc(SCCC2CCN(c3nc4ccc(Cl)cc4s3)CC2)ccc1C(C)CC(=O)O,,,,"MolVec 0.9.8 (git b412dd0, Maven Central)",0.09527447074651718
jpo,2008208129_958_chem,C1CCNCC1.CCN(CC)CCCCCOC1=CC(O)=CCC(CC(=O)O)=C1.NC1/C=C(C2CCC2)/C=C(C(F)(F)F)\C=C/C1,,,,"MolVec 0.9.8 (git b412dd0, Maven Central)",0.842368695884943
jpo,2008208139_31_chem,C/C=C1\SC(=S)NC1=O,,,,"MolVec 0.9.8 (git b412dd0, Maven Central)",0.019852442666888237
jpo,2008214303_12_chem,Cc1cc2ccc3ccc(o3)c(=O)c3cc(cc1o2)c1cc3cc2ccc(ccc3cc(C)c(o3)c1=O)o2,,,,"MolVec 0.9.8 (git b412dd0, Maven Central)",0.21862841956317425
jpo,2008214335_15_chem,COc1c(Cc2c(C)cc(O)cc2O)c(C)cc(O)c1C(=O)O,,,,"MolVec 0.9.8 (git b412dd0, Maven Central)",1.3250803016126156
jpo,2008214335_5_chem,COc1cc(O)cc(C)c1Cc1c(C)cc(O)cc1O,,,,"MolVec 0.9.8 (git b412dd0, Maven Central)",1.2911466713994741
jpo,2008214343_68_chem,CCN(C(C)C)P(OCCO)OCCC#N,,,,"MolVec 0.9.8 (git b412dd0, Maven Central)",0.41638695262372494
jpo,2008214349_241_chem,COc1cc2nc(C)nc(-c3ccc(C(C)C)cc3)c2cc1OC,,,,"MolVec 0.9.8 (git b412dd0, Maven Central)",0.07340993545949459
jpo,2008214349_48_chem,CC(C)c1ccc(C(=O)c2cc([N+](=O)[O-])ccc2Cl)cc1,,,,"MolVec 0.9.8 (git b412dd0, Maven Central)",0.05435946770012379
jpo,2008214349_78_chem,COc1ccc(NC(C)C)cc1,,,,"MolVec 0.9.8 (git b412dd0, Maven Central)",0.03048357367515564
jpo,2008214389_11_chem,Cc1sc2ccccc2c1C1=C(c2csc3ccccc23)C(F)(F)C(F)(F)C1(F)F,,,,"MolVec 0.9.8 (git b412dd0, Maven Central)",0.3936748765408993
jpo,2008214448_9_chem,OC1CCC(C2CCC(O)CC2)CC1,,,,"MolVec 0.9.8 (git b412dd0, Maven Central)",0.4833184350281954
jpo,2008214462_11_chem,Cc1ccc(C(=O)O)cc1.Cc1ccc(C(=O)O)cc1,,,,"MolVec 0.9.8 (git b412dd0, Maven Central)",0.3712858874350786
jpo,2008214547_9_chem,O=S(=O)(c1ccc2c(c1)CN(c1ccccc1)CO2)c1ccc2c(c1)CN(c1ccccc1)CO2,,,,"MolVec 0.9.8 (git b412dd0, Maven Central)",0.38660201616585255
jpo,2008214599_10_chem,COc1ccc(/C=N/c2ccc(OC)cc2)cc1,,,,"MolVec 0.9.8 (git b412dd0, Maven Central)",0.7660789247602224
jpo,2008216773_9_chem,Cc1ccc(N(c2ccc(C)cc2)c2ccc3c(c2)C(C)(C)c2ccccc2-3)cc1,,,,"MolVec 0.9.8 (git b412dd0, Maven Central)",0.28626630268990993
jpo,2008216999_10_chem,Cn1c2ccccc2c2cc(/C=N\N(c3ccccc3)c3ccccc3)ccc21,,,,"MolVec 0.9.8 (git b412dd0, Maven Central)",0.09995739720761776
jpo,2008218445_5_chem,Cc1cccc(Nc2ccc(-c3ccc(N(c4ccccc4)c4cccc(C)c4)cc3)cc2)c1.Cc1ccccc1,,,,"MolVec 0.9.8 (git b412dd0, Maven Central)",0.9580084905028343
jpo,2008222580_134_chem,COC(=O)C(C)C(=O)c1cccc(OC)c1,,,,"MolVec 0.9.8 (git b412dd0, Maven Central)",0.5627608224749565
jpo,2008222580_150_chem,O=C1CCC(c2ccc(O)c(F)c2)=NN1,,,,"MolVec 0.9.8 (git b412dd0, Maven Central)",0.8451649565249681
jpo,2008222580_181_chem,CC1(C)C(=O)NN=C1c1ccc(F)c(O)c1,,,,"MolVec 0.9.8 (git b412dd0, Maven Central)",0.6212190147489309
jpo,2008222607_5_chem,CCCc1ccc(CCC)c2cc3c(-c4ccccc4)c4cc5c(CCC)ccc(CCC)c5cc4c(-c4ccccc4)c3cc12,,,,"MolVec 0.9.8 (git b412dd0, Maven Central)",0.46084667928516865
jpo,2008222622_4_chem,COc1ccc2c(c1)OCC1(O)c3ccc(OC)cc3O[C@H]21,,,,"MolVec 0.9.8 (git b412dd0, Maven Central)",0.3052640054374933
jpo,2008222648_32_chem,COC(=O)CC(=O)c1ccc(OC)cc1,,,,"MolVec 0.9.8 (git b412dd0, Maven Central)",0.1011082399636507
jpo,2008222648_93_chem,COc1ccc(C2=NNC(=O)C[C@@]2(C)C2C3C[C@@H]32)cc1,,,,"MolVec 0.9.8 (git b412dd0, Maven Central)",0.14186809584498405
jpo,2008222713_15_chem,CONCCCCCCNOC,,,,"MolVec 0.9.8 (git b412dd0, Maven Central)",0.08533341065049171
jpo,2008222714_2_chem,N=C(N)NC(=O)c1cnn(-c2ccnc3ccccc23)c1C1CC1,,,,"MolVec 0.9.8 (git b412dd0, Maven Central)",0.08410115912556648
jpo,2008223012_41_chem,CC.CC.c1ccc(-c2cc(-c3cccc(-c4cc(-c5ccccc5)nc(-c5ccccc5)c4)c3)cc(-c3ccccc3)n2)cc1,,,,"MolVec 0.9.8 (git b412dd0, Maven Central)",0.3710445147007704
jpo,2008224734_10_chem,C(/C=C/c1ccc(N(c2ccccc2)c2ccc(/C=N/N(c3ccccc3)c3ccccc3)cc2)cc1)=C\c1ccccc1,,,,"MolVec 0.9.8 (git b412dd0, Maven Central)",0.34633964858949184
jpo,2008224763_22_chem,Cc1ccc(S(=O)(=O)Nc2ccccc2)cc1,,,,"MolVec 0.9.8 (git b412dd0, Maven Central)",0.6333804931491613
jpo,2008224970_83_chem,CCC1(COS(C)(=O)=O)COC1,,,,"MolVec 0.9.8 (git b412dd0, Maven Central)",0.11903594434261322
jpo,2008225458_12_chem,CN(CC1CO1)CC1CO1,,,,"MolVec 0.9.8 (git b412dd0, Maven Central)",0.12500270828604698
jpo,2008225485_44_chem,C=c1c2ccccc2c(=O)c2ccc3c4ccc5c(=O)c6ccccc6c6ccc([nH]c3c12)c4c56,,,,"MolVec 0.9.8 (git b412dd0, Maven Central)",0.5880710352212191
jpo,2008226648_8_chem,O=C1OC(=O)c2cc(S(=O)(=O)c3ccc4c(c3)C(=O)OC4=O)ccc21,,,,"MolVec 0.9.8 (git b412dd0, Maven Central)",1.9696108233183622
jpo,2008226990_5_chem,CC1CCC2OC2C1,,,,"MolVec 0.9.8 (git b412dd0, Maven Central)",0.03134170547127724
jpo,2008227159_16_chem,c1ccc(-c2ccnc3c2ccc2c(-c4ccccc4)ccnc23)cc1,,,,"MolVec 0.9.8 (git b412dd0, Maven Central)",0.14018300734460354
jpo,2008227202_10_chem,C=CC(O)CC(C=C)CC1CC1CC/C=C/CCC1OC1/C=C\O,,,,"MolVec 0.9.8 (git b412dd0, Maven Central)",1.7355498280376196
jpo,2008230977_20_chem,COc1cc2c(cc1OC)-c1ccc3cc4c(cc3c1N(C)C2)OCO4,,,,"MolVec 0.9.8 (git b412dd0, Maven Central)",1.0860990714281797
jpo,2008230977_28_chem,COc1cc2c(cc1OC)-c1ccc3cc4c(cc3c1N(C)C2)OCO4,,,,"MolVec 0.9.8 (git b412dd0, Maven Central)",1.034880369901657
jpo,2008230984_6_chem,CCC(C)c1cc(C2(c3ccc(O)c(C(C)CC)c3)CCC(C(C)(C)C3CCC(c4ccc(O)c(C(C)CC)c4)(c4ccc(O)c(C(C)CC)c4)CC3)CC2)ccc1O,,,,"MolVec 0.9.8 (git b412dd0, Maven Central)",0.2809268329292536
jpo,2008231047_15_chem,CC1(C)c2ccccc2-c2c1cc(Br)c1ccccc21,,,,"MolVec 0.9.8 (git b412dd0, Maven Central)",0.3451870921999216
jpo,2008231088_78_chem,O=C(/C=C/c1ccccc1/C=C1\Oc2ccccc2NC1=O)NCc1ccccn1,,,,"MolVec 0.9.8 (git b412dd0, Maven Central)",0.7693382408469915
jpo,2008231088_95_chem,O=C(/C=C/c1csc(/C=C2\Oc3ccccc3NC2=O)c1)NCc1ccc(Cl)nc1,,,,"MolVec 0.9.8 (git b412dd0, Maven Central)",0.7056271024048328
jpo,2008231090_11_chem,CNC(=O)c1ccc(C)c(-n2c(C)cc(OCc3ccc(F)cc3F)c(Br)c2=O)c1,,,,"MolVec 0.9.8 (git b412dd0, Maven Central)",0.4679608643054962
jpo,2008231111_22_chem,COCc1ccc(N2CCNCC2)cc1,,,,"MolVec 0.9.8 (git b412dd0, Maven Central)",0.041516292840242386
jpo,2008231255_9_chem,CCC(C)C(C)CC,,,,"MolVec 0.9.8 (git b412dd0, Maven Central)",0.5105231925845146
jpo,2008231428_19_chem,CO[C@@H]1CC1C,,,,"MolVec 0.9.8 (git b412dd0, Maven Central)",0.05720391124486923
jpo,2008233378_113_chem,C=Cc1ccc(N(c2ccccc2)c2ccc(-c3ccccc3)cc2)cc1,,,,"MolVec 0.9.8 (git b412dd0, Maven Central)",0.0975394994020462
jpo,2008233745_13_chem,CCc1cccc(C)c1N(c1ccc(/C=C/c2ccc(C)cc2)cc1)c1ccc(/C=C/c2ccc(C)cc2)cc1,,,,"MolVec 0.9.8 (git b412dd0, Maven Central)",0.20619594305753708
jpo,2008238710_3_chem,C1C2=C1C2.Cc1cc(C)c(C(=O)P(=O)(c2ccccc2)c2ccccc2)c(C)c1,,,,"MolVec 0.9.8 (git b412dd0, Maven Central)",0.27758027613162994
jpo,2008239504_10_chem,O=COC1Cc2c(O)cc(O)cc2OC1c1cc(O)c(O)c(O)c1,,,,"MolVec 0.9.8 (git b412dd0, Maven Central)",1.5693724248558283
jpo,2008239558_46_chem,Cc1cc(=O)[nH]nc1-c1ccc(O)cc1,,,,"MolVec 0.9.8 (git b412dd0, Maven Central)",0.2885743323713541
jpo,2008239593_92_chem,CCOC(=O)C(=O)C(F)(F)F,,,,"MolVec 0.9.8 (git b412dd0, Maven Central)",0.5483175162225962
jpo,2008239607_49_chem,CC.CC.Cc1cc(C(C)(C)c2ccccc2)c(O)c(Br)c1C,,,,"MolVec 0.9.8 (git b412dd0, Maven Central)",0.19435162283480167
jpo,2008239616_1072_chem,C1COCCN1.CC1(C)C/C=C(/Br)CSCCC1.CCC(CC)CCCCCCCOC1=CC(C)=C=CC(CC(=O)O)=C1,,,,"MolVec 0.9.8 (git b412dd0, Maven Central)",1.9752260707318783
jpo,2008239616_1080_chem,CCC1=C(OCCC2(N3CCOCC3)CCC([C@@]34[C@H]5N3C3=C(OC(C(F)(F)F)C=C3)O54)CC2)C=C(CC(O)O)C=C1,,,,"MolVec 0.9.8 (git b412dd0, Maven Central)",2.33034279756248
jpo,2008239616_446_chem,CC12CCC(CCl)=CC=C1N[C@H](N1CCCN(Cc3ccc(CCC4CC4)s3)CC1)S2,,,,"MolVec 0.9.8 (git b412dd0, Maven Central)",0.6610715817660093
jpo,2008239616_449_chem,CCN(CC[C@]12CC(C3CNC45CC(C/C=C(C6CCC6C)\C=C/4C46C7C48=C3[C@@]768)C5)C1C2)CC1=CC=C(CCCCN)C2CC2=C1,,,,"MolVec 0.9.8 (git b412dd0, Maven Central)",1.5550710503011942
jpo,2008239616_627_chem,ClCc1ccc2c(c1)S[C@@H](N1CCC(CSc3cccc(C4CC4)c3)CC1)N2,,,,"MolVec 0.9.8 (git b412dd0, Maven Central)",1.0605632178485394
jpo,2008239616_810_chem,CCCC1(C2CCC3C(C4CC5CC678C5C65C7(C)C58/C=C5/C6=C(C)[C@@]65CC[C@H]4N)C3(CC)C3CC23)CC1.CCCCC(CCCSC1CC2CC2(C)([C@@H]2C34C[C@@]23CCC4C)C2C3[C@H]2C2C34CC24(C(C)CC(=O)O)C2CCC2[C@@H]1C)C1C2CC21CCI,,,,"MolVec 0.9.8 (git b412dd0, Maven Central)",7.456069266423583
jpo,2008239640_6_chem,O=C(Oc1ccc(OC(=O)c2ccc3c(c2)C(=O)OC3=O)cc1)c1ccc2c(c1)C(=O)OC2=O,,,,"MolVec 0.9.8 (git b412dd0, Maven Central)",2.330467836931348
jpo,2008239873_27_chem,C=CC(=O)OCCCCCCOc1ccc(CCC(=O)Oc2ccc(-c3ccc(-c4ccc(OC(=O)CCc5ccc(OCCCCCCOC(=O)C=C)cc5)cc4)c(F)c3)cc2)cc1,,,,"MolVec 0.9.8 (git b412dd0, Maven Central)",0.1959038469940424
jpo,2008241754_12_chem,O=C1NCCO1,,,,"MolVec 0.9.8 (git b412dd0, Maven Central)",0.518021285533905
jpo,2008242081_17_chem,CCOP(=O)(OCC)C(=S)Sc1ccccc1O,,,,"MolVec 0.9.8 (git b412dd0, Maven Central)",0.19463680684566498
jpo,2008242093_73_chem,C=CC(=O)OCCNC(N)=O,,,,"MolVec 0.9.8 (git b412dd0, Maven Central)",0.09432973712682724
jpo,2008243435_20_chem,C=Cc1ccc(-c2ccc(-c3nnc(-c4ccc(-c5ccc(C=C)cc5)cc4)o3)cc2)cc1,,,,"MolVec 0.9.8 (git b412dd0, Maven Central)",0.23380298726260662
jpo,2008246832_44_chem,CSc1ccc(C(=O)C(C)(C)N2CCOCC2)cc1,,,,"MolVec 0.9.8 (git b412dd0, Maven Central)",0.12780986353754997
jpo,2008247887_100_chem,O=C1c2cccc3cccc(c23)C(=O)C1c1ccc(-c2ccc3cc(/C=C/c4ccc5cc(-c6ccc(N7C(=O)c8cccc9cccc(c89)C7=O)cc6)ccc5c4)ccc3c2)cc1,,,,"MolVec 0.9.8 (git b412dd0, Maven Central)",0.1806701198220253
jpo,2008247887_135_chem,C1=C(c2ccc3cc(/C=C/c4ccc5cc(N(c6ccccc6)c6ccccc6)ccc5c4)ccc3c2)Cc2ccccc21,,,,"MolVec 0.9.8 (git b412dd0, Maven Central)",0.07396689802408218
jpo,2008247887_161_chem,C(=C\c1ccc2cc(-c3ccc(Oc4ccccc4)cc3)ccc2c1)/c1ccc2cc(-c3ccc(Oc4ccccc4)cc3)ccc2c1,,,,"MolVec 0.9.8 (git b412dd0, Maven Central)",0.10199135914444923
jpo,2008247887_253_chem,Cc1ccc2ccccc2c1,,,,"MolVec 0.9.8 (git b412dd0, Maven Central)",0.015478802844882011
jpo,2008247887_263_chem,C=C1CC([C@H](C)[SH](=O)=O)=Cc2ccccc21,,,,"MolVec 0.9.8 (git b412dd0, Maven Central)",0.052037885412573814
jpo,2008247887_306_chem,N=C1c2ccccc2C(c2ccc(C3C4=Cc5cc(/C=C/c6ccc7cc(-c8ccc(-n9c%10ccccc%10c(=O)c%10ccccc%109)cc8)ccc7c6)ccc5C3C4)cc2)c2ccccc21,,,,"MolVec 0.9.8 (git b412dd0, Maven Central)",0.5071186311542988
jpo,2008247887_375_chem,C/O=C/C1=CC(C2=CC=C(C3=CC4=CC=C(/C=C/C5=CC6=CC=C(C7=CC=C(C8=CC9=C(C=CC=C9)C(OO)=C8)C=C7)C=C6C=C5)C=C4C=C3)C=C2)=NC2=C1C=CC=C2,,,,"MolVec 0.9.8 (git b412dd0, Maven Central)",0.39148228242993355
jpo,2008247907_169_chem,COCC(=O)Nc1ccc(-n2cc3ncnc(Nc4ccc(Oc5ccc(C)nc5)c(C)c4)c3n2)cc1,,,,"MolVec 0.9.8 (git b412dd0, Maven Central)",0.1918737255036831
jpo,2008247907_178_chem,CS(=O)(=O)CCNCc1ccc(-n2cc3ncnc(Nc4ccc(OCc5cccc(F)c5)c(Cl)c4)c3n2)cc1,,,,"MolVec 0.9.8 (git b412dd0, Maven Central)",0.24282450787723064
jpo,2008247907_202_chem,OCCCn1ccc2ncnc(Nc3ccc(Oc4cccc(C(F)(F)F)c4)c(Cl)c3)c21,,,,"MolVec 0.9.8 (git b412dd0, Maven Central)",0.12587425112724304
jpo,2008247907_221_chem,OCCSCCn1ccc2ncnc(Nc3ccc(Oc4cccc(C(F)(F)F)c4)c(Cl)c3)c21,,,,"MolVec 0.9.8 (git b412dd0, Maven Central)",0.13570877350866795
jpo,2008247907_91_chem,O=C(O)c1cc(Nc2ncnc3cc[nH]c23)ccc1Oc1cc(Cl)cc(Cl)c1,,,,"MolVec 0.9.8 (git b412dd0, Maven Central)",0.10584673285484314
jpo,2008249753_12_chem,[H]N(CC1=CO(OC)=CC=C1C)C1=CC=C(OC)C=C1,,,,"MolVec 0.9.8 (git b412dd0, Maven Central)",2.5961490366607904
jpo,2008249834_82_chem,C(/C=C/c1ccc(N(c2ccccc2)c2ccc(-c3ccc(N(c4ccccc4)c4ccc(/C=C/C=C/c5ccccc5)cc4)cc3)cc2)cc1)=C\c1ccccc1.CC[C@@H]1C2=C[C@H]21,,,,"MolVec 0.9.8 (git b412dd0, Maven Central)",0.3585969340056181
jpo,2008250149_19_chem,Cc1cc(N(c2ccccc2)c2ccccc2)ccc1C=NN(c1ccccc1)c1ccccc1,,,,"MolVec 0.9.8 (git b412dd0, Maven Central)",1.0476394165307283
jpo,2008250228_19_chem,O=S1(=O)CCCN1CCO,,,,"MolVec 0.9.8 (git b412dd0, Maven Central)",0.5849590506404638
jpo,2008250314_42_chem,CCC(C)C1(C)CC(C)CCC2CC21.CCC(C)CC12CC1C2C.CCCCCC12CC1(CC)C1CC12C,,,,"MolVec 0.9.8 (git b412dd0, Maven Central)",9.735334241762757
jpo,2008251533_17_chem,C=C.C=Cc1ccc(NC(=O)c2c(OC)cccc2OC)cc1,,,,"MolVec 0.9.8 (git b412dd0, Maven Central)",0.3196440003812313
jpo,2008254447_5_chem,CC(C)(C1CCC(O)CC1)C1CCC(OCCO)CC1.CCO,,,,"MolVec 0.9.8 (git b412dd0, Maven Central)",0.786961430683732
jpo,2008255018_22_chem,C/C=C\c1cccnc1C.CC(C)OCCOC1(C(N)=O)CCCCC1,,,,"MolVec 0.9.8 (git b412dd0, Maven Central)",1.268723713234067
jpo,2008255024_106_chem,COC(=O)C(C)(C)CC(=O)c1ccc(-c2ccc(N)cn2)cc1,,,,"MolVec 0.9.8 (git b412dd0, Maven Central)",0.06034485809504986
jpo,2008255024_93_chem,O=C(O)C1(O)N[N+]12Cc1cc(-c3ccc(Cc4nc5ccccc5s4)cc3)ccc1C2=O,,,,"MolVec 0.9.8 (git b412dd0, Maven Central)",0.13382479548454285
jpo,2008255324_35_chem,CC(C)(C)c1ccc(/C(O)=N/N)cc1.CC(C)(C)c1ccc(P)cc1.N/N=C(\O)c1cccc(P)c1,,,,"MolVec 0.9.8 (git b412dd0, Maven Central)",0.4328526649624109
jpo,2008257220_35_chem,CC.Cc1cc(CN2C(=O)C3=C(CCCC3)C2=O)c(O)c(-n2nc3ccccc3n2)c1,,,,"MolVec 0.9.8 (git b412dd0, Maven Central)",0.7480383776128292
jpo,2008258580_31_chem,Cc1ccccc1-c1ccc(N(c2ccccc2)c2ccc(-c3ccc(N(c4ccccc4)c4ccc5c(c4)C(C)(C)c4ccccc4-5)cc3)cc2)cc1C.IBCC1CC1,,,,"MolVec 0.9.8 (git b412dd0, Maven Central)",0.5900557413697243
jpo,2008258603_10_chem,c1ccc2cc(-c3ccc4c(-c5ccc6ccccc6c5)c5ccccc5c(-c5ccc6ccccc6c5)c4c3)ccc2c1,,,,"MolVec 0.9.8 (git b412dd0, Maven Central)",0.299581041559577
jpo,2008260691_49_chem,CC(=O)NCC1=CC=C(C2=COC(C3=CC(Cl)=CC(Cl)=C3)(C(F)(F)(F)(F)F)C2)C=C1,,,,"MolVec 0.9.8 (git b412dd0, Maven Central)",0.1676316149532795
jpo,2008266172_6_chem,CCC(OC)OC,,,,"MolVec 0.9.8 (git b412dd0, Maven Central)",0.0930901225656271
jpo,2008266236_60_chem,Clc1ccc(Sc2ccccc2NCCCN2CCN(Cc3ccc4c(c3)OCO4)CC2)cc1,,,,"MolVec 0.9.8 (git b412dd0, Maven Central)",0.11142552830278873
jpo,2008266237_44_chem,O=C(CN1CCN(c2ccccc2F)CC1)Nc1ccccc1Sc1ccc(Cl)cc1,,,,"MolVec 0.9.8 (git b412dd0, Maven Central)",0.1113226693123579
jpo,2008266294_145_chem,FC(F)(F)c1cccc(Nc2nnc(-c3ccccc3OCc3ccncc3)o2)c1,,,,"MolVec 0.9.8 (git b412dd0, Maven Central)",0.9309251699596643
jpo,2008266294_215_chem,Clc1ccc(Nc2nnc(-c3sccc3SCc3ccncc3)s2)cc1,,,,"MolVec 0.9.8 (git b412dd0, Maven Central)",0.9202933367341757
jpo,2008266294_218_chem,FC(F)(F)Oc1ccc(Nc2nnc(-c3sccc3SCc3ccnc4ccccc34)o2)cc1,,,,"MolVec 0.9.8 (git b412dd0, Maven Central)",0.8995458651334047
jpo,2008266294_44_chem,CC(=O)Nc1cc(COc2ccsc2C(=O)O)ccn1,,,,"MolVec 0.9.8 (git b412dd0, Maven Central)",0.7779647968709469
jpo,2008266294_48_chem,O=C(NNC(=O)c1ccccc1Br)Nc1ccc(Cl)cc1,,,,"MolVec 0.9.8 (git b412dd0, Maven Central)",0.7016021236777306
jpo,2008266295_157_chem,O=C(O)c1ccc(COc2ccccc2-c2nnc(Nc3ccccc3)s2)cc1,,,,"MolVec 0.9.8 (git b412dd0, Maven Central)",1.1447999775409698
jpo,2008266295_89_chem,Brc1ccc(Nc2nnc(-c3ccccc3OCc3ccncc3)s2)cc1,,,,"MolVec 0.9.8 (git b412dd0, Maven Central)",1.0778387654572725
jpo,2008266327_30_chem,NC(=O)C(CC1CCCCC1)NC(=O)Nc1ccc(N2CCCN(C(=O)C3CCNCC3)CC2)c(NC(=O)CCCc2ccccc2)c1,,,,"MolVec 0.9.8 (git b412dd0, Maven Central)",0.33908610977232456
jpo,2008266331_28_chem,NCCNCCNCCNCCNCCN,,,,"MolVec 0.9.8 (git b412dd0, Maven Central)",0.2796982303261757
jpo,2008266337_8_chem,COc1ccccc1N1CCN(CCC(C)(C(=O)C2CCCCC2)c2ccccc2)CC1,,,,"MolVec 0.9.8 (git b412dd0, Maven Central)",0.30593558959662914
jpo,2008266338_40_chem,COc1cc(C(O)CN)ccc1F,,,,"MolVec 0.9.8 (git b412dd0, Maven Central)",0.10848652757704258
jpo,2008266359_30_chem,O=P1(c2cc(O)ccc2O)Oc2ccccc2-c2ccccc21,,,,"MolVec 0.9.8 (git b412dd0, Maven Central)",3.6573399137705564
jpo,2008266360_8_chem,C1=[PH](c2ccccc2)OC1,,,,"MolVec 0.9.8 (git b412dd0, Maven Central)",0.5750329717993736
jpo,2008273784_5_chem,CC1CCC2OC2C1,,,,"MolVec 0.9.8 (git b412dd0, Maven Central)",0.03873002715408802
jpo,2008273950_33_chem,O=C(O)c1cc2ccccc2n1CCCCn1c(C(=O)O)cc2ccccc21,,,,"MolVec 0.9.8 (git b412dd0, Maven Central)",1.899136796593666
jpo,2008273974_25_chem,C=CCN(C)c1ccc(C(=CC=O)c2ccc(N(C)C)cc2)cc1,,,,"MolVec 0.9.8 (git b412dd0, Maven Central)",1.7631542719900608
jpo,2008274007_23_chem,OC1COC2C(O)COC12,,,,"MolVec 0.9.8 (git b412dd0, Maven Central)",0.07300915196537971
jpo,2008275779_18_chem,CCCC12c3ccccc3C=CC1N(c1ccc(-c3ccc(N(c4ccc5ccccc5c4)c4ccc(C)cc4C)cc3)cc1)c1ccc(C)cc12,,,,"MolVec 0.9.8 (git b412dd0, Maven Central)",3.142041392624378
jpo,2008275949_47_chem,C=C(C)C(=O)OC(C)OCCOCC(F)(F)F,,,,"MolVec 0.9.8 (git b412dd0, Maven Central)",0.527050755918026
jpo,2008276174_4_chem,O=C(OCCOC(=O)c1ccc2c(c1)C(=O)OC2=O)c1ccc2c(c1)C(=O)OC2=O,,,,"MolVec 0.9.8 (git b412dd0, Maven Central)",0.16998806037008762
jpo,2008276225_7_chem,CC.CC.CC.CC.CCO,,,,"MolVec 0.9.8 (git b412dd0, Maven Central)",0.036590781062841415
jpo,2008277369_5_chem,Cc1sc2sc(C)c(C)c2c1C,,,,"MolVec 0.9.8 (git b412dd0, Maven Central)",0.05779027193784714
jpo,2008279331_3_chem,C=C1C=CSN1C,,,,"MolVec 0.9.8 (git b412dd0, Maven Central)",0.03832181170582771
jpo,2008280331_29_chem,Cc1ccc(N(c2ccc(C)cc2)c2ccc3c4cccc5cccc(c6cccc2c63)c54)cc1,,,,"MolVec 0.9.8 (git b412dd0, Maven Central)",0.8537890333682299
jpo,2008280649_2_chem,c1nnn[nH]1,,,,"MolVec 0.9.8 (git b412dd0, Maven Central)",0.05056086741387844
jpo,2008281723_11_chem,CCc1cccc(C)c1N(c1ccc(/C=C/C=C/c2ccccc2)cc1)c1ccc(/C=C/c2ccc(C)cc2)cc1,,,,"MolVec 0.9.8 (git b412dd0, Maven Central)",0.18674013577401638
jpo,2008284471_2_chem,COc1ccc(C(C)(C)c2ccc(Oc3ccc([S+]([O-])c4ccc(C)cc4)cc3)cc2)cc1,,,,"MolVec 0.9.8 (git b412dd0, Maven Central)",0.9283136148005724
jpo,2008284685_17_chem,CC.CCC.CCC(C(=O)c1ccc(C)cc1)c1ccccc1,,,,"MolVec 0.9.8 (git b412dd0, Maven Central)",0.7995782438665628
jpo,2008285435_46_chem,c1cc2ccc(C3CCCC3)ccc-2c1,,,,"MolVec 0.9.8 (git b412dd0, Maven Central)",0.2299818191677332
jpo,2008285516_6_chem,Nc1ccc2oc(-c3ccc(-c4nc5cc(N)ccc5o4)cc3)nc2c1,,,,"MolVec 0.9.8 (git b412dd0, Maven Central)",1.4240862373262644
jpo,2008285617_5_chem,CC(C)(O)C(=O)c1ccccc1,,,,"MolVec 0.9.8 (git b412dd0, Maven Central)",0.5289018824696541
jpo,2008285681_4_chem,CC(=O)CC(C)=O,,,,"MolVec 0.9.8 (git b412dd0, Maven Central)",0.1048248689621687
jpo,2008285789_3_chem,Cc1ccc(Oc2cccc(C)c2)cc1,,,,"MolVec 0.9.8 (git b412dd0, Maven Central)",0.04889301210641861
jpo,2008285789_6_chem,Cc1ccc(Oc2cccc(C)c2)cc1,,,,"MolVec 0.9.8 (git b412dd0, Maven Central)",0.08209717087447643
jpo,2008291011_67_chem,Cc1ccc(N(c2ccc(C=Cc3ccc(C=Cc4ccc(N(c5ccc(C)cc5)c5ccc(C)cc5C)cc4)cc3)cc2)c2ccc(C)cc2C)cc1,,,,"MolVec 0.9.8 (git b412dd0, Maven Central)",1.4348782934248447
jpo,2008291018_1039_chem,CC(C)(C)OC(=O)Nc1ccc(Cl)cc1C(O)c1cccc2c1OCCO2,,,,"MolVec 0.9.8 (git b412dd0, Maven Central)",0.6089296583086252
jpo,2008291018_1396_chem,CCOC(=O)C[C@H]1O[C@H](c2cccc(OC)c2Cl)c2cc(C)ccc2NC1=S,,,,"MolVec 0.9.8 (git b412dd0, Maven Central)",0.6002193074673414
jpo,2008291018_1515_chem,COc1ccc(CNc2cc(C)c(Cl)cc2C(O)c2cccc(OC)c2OC)c(OC)c1,,,,"MolVec 0.9.8 (git b412dd0, Maven Central)",0.6108347605913877
jpo,2008291018_1639_chem,COc1cccc(C(O)c2cc(F)ccc2N)c1C,,,,"MolVec 0.9.8 (git b412dd0, Maven Central)",0.33304511941969395
jpo,2008291018_1717_chem,COc1cccc(C(=O)c2cc(Cl)ccc2NC(=O)C(C)(C)C)c1OCc1ccccc1,,,,"MolVec 0.9.8 (git b412dd0, Maven Central)",0.8091307245194912
jpo,2008291018_1990_chem,CCc1c(OC)cccc1C(=O)c1cc(Cl)ccc1NC(=O)C(C)(C)C,,,,"MolVec 0.9.8 (git b412dd0, Maven Central)",0.530500179156661
jpo,2008291018_314_chem,COc1cccc([C@H]2O[C@H](CCC3=NNNN3)c3cccn3-c3ccc(Cl)cc32)c1OC,,,,"MolVec 0.9.8 (git b412dd0, Maven Central)",0.8460045792162418
jpo,2008291018_419_chem,O=C(/C=C/c1cccn1-c1ccc(Cl)cc1C(O)c1cccc2c1OCCO2)OCc1ccccc1,,,,"MolVec 0.9.8 (git b412dd0, Maven Central)",1.1075450461357832
jpo,2008291018_446_chem,COc1ccnc(C(O)c2cc(Cl)ccc2-n2cccc2/C=C/C(=O)O)c1OC,,,,"MolVec 0.9.8 (git b412dd0, Maven Central)",0.9105140995234251
jpo,2008291018_491_chem,CCOC(=O)CC1CCN(C(=O)CC2OC(c3cccc4ccccc34)c3cc(Cl)ccc3-n3cccc32)CC1,,,,"MolVec 0.9.8 (git b412dd0, Maven Central)",1.1438921838998795
jpo,2008291018_506_chem,COC(=O)/C=C/c1cccn1-c1ccc(Cl)cc1C(O)c1cccc(OC)c1,,,,"MolVec 0.9.8 (git b412dd0, Maven Central)",0.7325024344027042
jpo,2008291018_604_chem,COC1=CC=CC(C(=O)C2=CC(Cl)=CC=C2N2C(C)=[N+]=C2C(CC2OCCO2)O=C(C)(=O)O)=C1OC,,,,"MolVec 0.9.8 (git b412dd0, Maven Central)",1.011780371889472
jpo,2008291018_822_chem,COC(=O)/C=C/c1cccn1-c1ccc(Cl)cc1C(=O)c1c(F)ccc(OC)c1OC,,,,"MolVec 0.9.8 (git b412dd0, Maven Central)",0.6904501765966415
jpo,2008291018_868_chem,CCC(CC)(OCC=O)C(=O)OC,,,,"MolVec 0.9.8 (git b412dd0, Maven Central)",0.4219427779316902
jpo,2008291018_962_chem,COc1cccc(C2OC(CC3OCCO3)c3nccn3-c3ccc(Cl)cc32)c1OC,,,,"MolVec 0.9.8 (git b412dd0, Maven Central)",0.7009823396801949
jpo,2008291055_5_chem,C[C@]12OC[C@H](O)[C@H]1OC[C@@H]2O,,,,"MolVec 0.9.8 (git b412dd0, Maven Central)",0.0788851547986269
jpo,2008291277_3_chem,CCC(C)(C)C.CCOC(C)C(C)(C)CC,,,,"MolVec 0.9.8 (git b412dd0, Maven Central)",0.6821612808853388
jpo,2008294184_12_chem,c1ccc(N(c2ccccc2)c2c3ccccc3c(N(c3ccccc3)c3ccccc3)c3ccccc23)cc1,,,,"MolVec 0.9.8 (git b412dd0, Maven Central)",1.0733569096773863
jpo,2008300313_5_chem,O=S1(=O)CC=CC1,,,,"MolVec 0.9.8 (git b412dd0, Maven Central)",0.04376361519098282
jpo,2008300750_3_chem,c1cc2cccc3c4c5cccc6cccc(c=4c(c1)c23)c65,,,,"MolVec 0.9.8 (git b412dd0, Maven Central)",0.06767511181533337
jpo,2008303214_112_chem,O=C1CCC(=O)CC1,,,,"MolVec 0.9.8 (git b412dd0, Maven Central)",0.0775503572076559
jpo,2008303221_13_chem,COCn1c(=O)n(COC)c(=O)n(COC)c1=O,,,,"MolVec 0.9.8 (git b412dd0, Maven Central)",4.790734427049756
jpo,2008303222_15_chem,CCOC(=O)COC/C=C\CCl,,,,"MolVec 0.9.8 (git b412dd0, Maven Central)",0.1667818110436201
jpo,2008304699_5_chem,C=CC(=O)OCCCc1ccc(N(c2ccc(CCCOC(=O)C=C)cc2)c2ccc(C)c(C)c2)cc1,,,,"MolVec 0.9.8 (git b412dd0, Maven Central)",0.6666322816163301
jpo,2008308434_17_chem,O=C(O)c1ccnc(-c2nc(=O)c3ccccc3s2)c1,,,,"MolVec 0.9.8 (git b412dd0, Maven Central)",0.11398345790803432
jpo,2008310229_37_chem,COCOCCN(CCOCOC)CCOCOC,,,,"MolVec 0.9.8 (git b412dd0, Maven Central)",0.07603507302701473
