paper_id,pdb_id,doi,url,source_host,source_type,version,sha256,bytes,pages,title_check,notes
41_6s88,6s88,10.1021/acs.jmedchem.9b01203,https://www.repository.cam.ac.uk/bitstreams/eff7dab3-01cc-4896-a322-9d3931aa0189/download,repository.cam.ac.uk,repository,acceptedVersion,93cfaace41cc6fd3e2a7ee7759021cca3ea11330d145f6ca00cfc46d4afd8594,2262249,58,match,Cambridge Apollo author manuscript (58pp incl. SI)
77_6r49,6r49,10.1002/chem.201900815,https://eprints.whiterose.ac.uk/144401/8/Text_AuthorAccepted.pdf,eprints.whiterose.ac.uk,repository,acceptedVersion,d593d41de5dd401e2e2dbda0e37d1f7eea494f302535765c2c87b3f56c80355c,1033910,13,match,"White Rose Research Online accepted version, found via Semantic Scholar openAccessPdf."
87_6qxd,6qxd,10.1016/j.ejmech.2019.06.019,https://iris.unica.it/bitstream/11584/271022.4/1/2019%20European%20Journal%20of%20Medicinal%20Chemistry.pdf,iris.unica.it,repository,publishedVersion,a190d3bbe209587f672e8536e6823b8381a98502fe2a862352f3f2e8e9188383,2119563,10,match,Unica IRIS publisher-layout PDF
94_6qri,6qri,10.1021/acs.jnatprod.9b00335,https://repository.helmholtz-hzi.de/bitstreams/e394a2ec-a0a4-476f-b0ed-44bfaeff5045/download,repository.helmholtz-hzi.de,repository,acceptedVersion,37d0f22342c59f0e1eead52c46d4f68c64f51abf70740d1da35e335194573670,1311514,33,match,HZI repository (CC BY-NC-SA); author manuscript with HZI cover page; 33 pages incl. SI figures.
96_6qpl,6qpl,10.1021/acs.jmedchem.9b00522,https://mural.maynoothuniversity.ie/id/eprint/15039/1/VF-Discovery-2019.pdf,mural.maynoothuniversity.ie,repository,publishedVersion,8ab63fdda332edba38291be33477b2c63177abc06ee9176bdaca39beb7f074ce,2384756,12,match,Maynooth MURAL repository copy; ACS typeset layout (OpenAlex labels accepted).
110_6qgf,6qgf,10.1021/jacs.8b11099,https://lup.lub.lu.se/search/files/84187781/hyp_249.pdf,lup.lub.lu.se,repository,publishedVersion,29edb5d9211d9c6e567a92c9da7097bd892375bc5b7ebc61235fbebd85f5679a,8088088,17,match,Lund repository version of record (with cover page)
117_6qav,6qav,10.1042/bcj20190038,https://www.biorxiv.org/content/10.1101/550111.full.pdf,biorxiv.org,preprint,submittedVersion,3cf2c165456de3ff48b4f7dce09c01c363c16f45b08ea9ab2677059f50143656,1712651,26,match,bioRxiv v1 preprint; PMC/EuropePMC copies behind challenge
121_6q9t,6q9t,10.1002/chem.201902942,https://hal.science/hal-02333661v1/document,hal.science,repository,acceptedVersion,3d7a8e83d16c09178c5817f8e7002967525b5e70e75c93f4574f674a81269223,1001039,7,match,"HAL author manuscript with HAL cover page, found via OpenAlex."
130_6q4g,6q4g,10.1021/acs.jmedchem.9b00304,https://eprints.ncl.ac.uk/fulltext.aspx?url=255976%2fD21637B5-6A2F-4895-864B-CDAEA1B2A387.pdf&pub_id=255976,eprints.ncl.ac.uk,repository,acceptedVersion,fbb18556f98f36a8114cf21a467ab178b86ea936f38ae10407dd74cdd9a3ea3b,1271454,13,match,Newcastle ePrints author manuscript.
138_6pyb,6pyb,10.1074/jbc.ra119.011051,https://helda.helsinki.fi/server/api/core/bitstreams/2f73b7da-4824-416e-af21-aaef2a38bc23/content,helda.helsinki.fi,repository,publishedVersion,6e015f56091667221fc3bd8ad92b161df9c14152250a34da34f37ad8e1252799,2623900,12,match,"Helsinki Helda repository (DSpace API), JBC typeset reprint with cover page."
142_6pvx,6pvx,10.1021/jacs.9b09760,https://dspace.mit.edu/server/api/core/bitstreams/5b7260d2-c226-4343-81da-922d7b20b9cf/content,dspace.mit.edu,repository,acceptedVersion,e57b431eb55fd8d367001de88dee5573b547c0af94e2eff8b52542d5834b5ba8,758713,13,match,MIT DSpace accepted manuscript (NIH author manuscript) via public REST content endpoint.
214_6oe3,6oe3,10.1016/j.antiviral.2019.04.010,https://www.osti.gov/servlets/purl/1547408,osti.gov,repository,acceptedVersion,8cd1c7e87fe00a79fd23f3e2a7ed7c3801edcdc965cd851b378e218b39baef54,1516514,22,match,OSTI NIH author manuscript
244_6nzg,6nzg,10.1021/acschembio.9b00788,https://eprints.whiterose.ac.uk/id/eprint/155235/1/acschembio.9b00788.pdf,eprints.whiterose.ac.uk,repository,acceptedVersion,7c08b4153648cc8637b73477ad79a51907abe4eb8440dfa4b1f0bc6c0217e89b,1266168,22,match,White Rose accepted manuscript (via OpenAlex).
289_6n87,6n87,10.1002/cmdc.201800802,https://minerva-access.unimelb.edu.au/bitstreams/f8ce233e-17d7-51d7-9b52-19924b9fc018/download,minerva-access.unimelb.edu.au,repository,acceptedVersion,aac3986a32ba620f4a4287f8627edfd579d8ed30de475341eec6a8741fc5786e,1380519,27,match,"Univ. Melbourne Minerva Access author manuscript (cover page + manuscript, 27 pp)."
325_6mnp,6mnp,10.1021/acsinfecdis.9b00052,https://www.osti.gov/servlets/purl/1530999,osti.gov,repository,acceptedVersion,3c097b5ae3cba882a1ba7530ba2425c6c09e99633954e6895d0ec7dec0191a0b,3387548,14,match,OSTI hosts ACS Just Accepted manuscript; title and DOI verified.
343_6mbp,6mbp,10.1021/acs.jmedchem.8b02008,https://www.osti.gov/servlets/purl/1506510,osti.gov,repository,acceptedVersion,a8dda9a8d61f4e3b6d0ba231ffab351996263714acfcfd90880c164771c9d593,1522667,116,match,OSTI 'Just Accepted Manuscript'; 116 pages incl. appended SI; main article at start.
345_6maj,6maj,10.1038/s41586-019-1835-6,https://research-repository.griffith.edu.au/server/api/core/bitstreams/4d5a9f2b-7741-46af-bd30-b393b99b90bf/content,research-repository.griffith.edu.au,repository,acceptedVersion,5b39c4eb90bf57f7e06d9ca6175d4b9d90495b152720da721121a690c5c4f6e0,3313022,31,match,Griffith accepted manuscript (AM)
348_6m8e,6m8e,10.1021/acs.jmedchem.8b01593,https://www.osti.gov/servlets/purl/1502197,osti.gov,repository,acceptedVersion,a6ae936173a3d94b2d204ee24e05a7ed79fe0f5df4400121592710ad6d05d642,1660627,42,match,OSTI ACS Just Accepted manuscript (42pp incl. SI pages)
350_6m7h,6m7h,10.1016/j.ceca.2019.102063,https://www.osti.gov/servlets/purl/1558314,osti.gov,repository,acceptedVersion,2f33c742e67b34f5951831afaf757446a18269b22e27f8a41f717f478bd380cb,2995000,31,match,OSTI NIH author manuscript
427_6ic7,6ic7,10.1016/j.bcp.2019.04.006,https://hal.science/hal-03477629v1/file/S0006295219301418.pdf,hal.science,repository,acceptedVersion,71a58bafb7ec3360287265c9c198ec145a3131a5c29ebb12e034dfb9a4d4aec8,2188749,67,match,"HAL author manuscript, 67 pages (likely includes figures/tables/SI-like content)"
431_6ibk,6ibk,10.1039/c9sc03342d,https://scholarlypublications.universiteitleiden.nl/access/item%3A2913088/download,scholarlypublications.universiteitleiden.nl,repository,publishedVersion,e2b6f70b3f74c714b1443f1fdc85db7e28872e17d0f0d7c0670abe975b68150d,1034218,12,match,Leiden repository publisher's version (RSC OA)
434_6iam,6iam,10.1002/cbic.201800737,https://backend.production.deepblue-documents.lib.umich.edu/server/api/core/bitstreams/9ea815a1-b702-4fdf-adcb-78d1eef3c0b4/content,deepblue-documents.lib.umich.edu,repository,acceptedVersion,92e9f4d30c11c3d6844cb51a9cf16aca07729ed853607de17e71e7659f8bfc3f,4111966,13,match,"Deep Blue (U Michigan) repository copy, 13 pages, title+DOI match"
451_6i0c,6i0c,10.1016/j.ejmech.2019.02.021,https://cris.unibo.it/bitstream/11585/700033/5/Novel%20tacrine-tryptophan%20hybrids_%20Multi-target%20directed%20ligands%20as%20potential%20treatment%20for%20Alzheimer_s%20disease.pdf,cris.unibo.it,repository,acceptedVersion,c9be0ca8a276895e4643ef2a92569c5aa9429bcf2b8afc4f4b7a4adcedf57a59,2031006,57,match,Unibo IRIS postprint (accepted manuscript) with repository cover page.
487_6hgs,6hgs,10.1074/jbc.ra119.009087,https://hal.science/hal-02346528v1/document,hal.science,repository,publishedVersion,382896a1f332a6e4438e8b023a4d058d61e5dec7fd7ca47df53ca6a4f8ffa175,2664990,14,match,HAL deposit of JBC typeset PDF with HAL cover page; PMC/EuPMC/JBC were challenged.
